,symbol,name,list_status,list_date
0,000001,平安银行,L,19910403
1,000002,万科A,L,19910129
2,000004,国农科技,L,19910114
3,000005,世纪星源,L,19901210
4,000006,深振业A,L,19920427
5,000007,全新好,L,19920413
6,000008,神州高铁,L,19920507
7,000009,中国宝安,L,19910625
8,000010,美丽生态,L,19951027
9,000011,深物业A,L,19920330
10,000012,南玻A,L,19920228
11,000014,沙河股份,L,19920602
12,000016,深康佳A,L,19920327
13,000017,深中华A,L,19920331
14,000018,神州长城,L,19920616
15,000019,深深宝A,L,19921012
16,000020,深华发A,L,19920428
17,000021,深科技,L,19940202
18,000022,深赤湾A,L,19930505
19,000023,深天地A,L,19930429
20,000025,特力A,L,19930621
21,000026,飞亚达A,L,19930603
22,000027,深圳能源,L,19930903
23,000028,国药一致,L,19930809
24,000029,深深房A,L,19930915
25,000030,富奥股份,L,19930929
26,000031,中粮地产,L,19931008
27,000032,深桑达A,L,19931028
28,000034,神州数码,L,19940509
29,000035,中国天楹,L,19940408
30,000036,华联控股,L,19940617
31,000037,深南电A,L,19940701
32,000038,深大通,L,19940808
33,000039,中集集团,L,19940408
34,000040,东旭蓝天,L,19940808
35,000042,中洲控股,L,19940921
36,000043,中航善达,L,19940928
37,000045,深纺织A,L,19940815
38,000046,泛海控股,L,19940912
39,000048,*ST康达,L,19941101
40,000049,德赛电池,L,19950320
41,000050,深天马A,L,19950315
42,000055,方大集团,L,19960415
43,000056,皇庭国际,L,19960708
44,000058,深赛格,L,19961226
45,000059,华锦股份,L,19970130
46,000060,中金岭南,L,19970123
47,000061,农产品,L,19970110
48,000062,深圳华强,L,19970130
49,000063,中兴通讯,L,19971118
50,000065,北方国际,L,19980605
51,000066,中国长城,L,19970626
52,000068,华控赛格,L,19970611
53,000069,华侨城A,L,19970910
54,000070,特发信息,L,20000511
55,000078,海王生物,L,19981218
56,000088,盐田港,L,19970728
57,000089,深圳机场,L,19980420
58,000090,天健集团,L,19990721
59,000096,广聚能源,L,20000724
60,000099,中信海直,L,20000731
61,000100,TCL集团,L,20040130
62,000150,宜华健康,L,20000807
63,000151,中成股份,L,20000906
64,000153,丰原药业,L,20000920
65,000155,川化股份,L,20000926
66,000156,华数传媒,L,20000906
67,000157,中联重科,L,20001012
68,000158,常山北明,L,20000724
69,000159,国际实业,L,20000926
70,000166,申万宏源,L,20150126
71,000301,东方市场,L,20000529
72,000333,美的集团,L,20130918
73,000338,潍柴动力,L,20070430
74,000400,许继电气,L,19970418
75,000401,冀东水泥,L,19960614
76,000402,金融街,L,19960626
77,000403,ST生化,L,19960628
78,000404,长虹华意,L,19960619
79,000407,胜利股份,L,19960703
80,000408,藏格控股,L,19960628
81,000409,*ST地矿,L,19960627
82,000410,沈阳机床,L,19960718
83,000411,英特集团,L,19960716
84,000413,东旭光电,L,19960925
85,000415,渤海金控,L,19960716
86,000416,民生控股,L,19960719
87,000417,合肥百货,L,19960812
88,000418,小天鹅A,L,19970328
89,000419,通程控股,L,19960816
90,000420,吉林化纤,L,19960802
91,000421,南京公用,L,19960806
92,000422,*ST宜化,L,19960815
93,000423,东阿阿胶,L,19960729
94,000425,徐工机械,L,19960828
95,000426,兴业矿业,L,19960828
96,000428,华天酒店,L,19960808
97,000429,粤高速A,L,19980220
98,000430,张家界,L,19960829
99,000488,晨鸣纸业,L,20001120
100,000498,山东路桥,L,19970609
101,000501,鄂武商A,L,19921120
102,000502,绿景控股,L,19921123
103,000503,国新健康,L,19921130
104,000504,南华生物,L,19921208
105,000505,京粮控股,L,19921221
106,000506,中润资源,L,19930312
107,000507,珠海港,L,19930326
108,000509,华塑控股,L,19930507
109,000510,金路集团,L,19930507
110,000513,丽珠集团,L,19931028
111,000514,渝开发,L,19930712
112,000516,国际医学,L,19930809
113,000517,荣安地产,L,19930806
114,000518,四环生物,L,19930908
115,000519,中兵红箭,L,19931008
116,000520,长航凤凰,L,19931025
117,000521,长虹美菱,L,19931018
118,000523,广州浪奇,L,19931108
119,000524,岭南控股,L,19931118
120,000525,红太阳,L,19931028
121,000526,紫光学大,L,19931101
122,000528,柳工,L,19931118
123,000529,广弘控股,L,19931118
124,000530,大冷股份,L,19931208
125,000531,穗恒运A,L,19940106
126,000532,华金资本,L,19940103
127,000533,万家乐,L,19940103
128,000534,万泽股份,L,19940110
129,000536,华映科技,L,19931126
130,000537,广宇发展,L,19931210
131,000538,云南白药,L,19931215
132,000539,粤电力A,L,19931126
133,000540,中天金融,L,19940202
134,000541,佛山照明,L,19931123
135,000543,皖能电力,L,19931220
136,000544,中原环保,L,19931208
137,000545,金浦钛业,L,19931215
138,000546,金圆股份,L,19931215
139,000547,航天发展,L,19931130
140,000548,湖南投资,L,19931220
141,000550,江铃汽车,L,19931201
142,000551,创元科技,L,19940106
143,000552,靖远煤电,L,19940106
144,000553,沙隆达A,L,19931203
145,000554,泰山石油,L,19931215
146,000555,神州信息,L,19940408
147,000557,西部创业,L,19940617
148,000558,莱茵体育,L,19940509
149,000559,万向钱潮,L,19940110
150,000560,我爱我家,L,19940202
151,000561,烽火电子,L,19940509
152,000563,陕国投A,L,19940110
153,000564,供销大集,L,19940110
154,000565,渝三峡A,L,19940408
155,000566,海南海药,L,19940525
156,000567,海德股份,L,19940525
157,000568,泸州老窖,L,19940509
158,000570,苏常柴A,L,19940701
159,000571,新大洲A,L,19940525
160,000572,海马汽车,L,19940808
161,000573,粤宏远A,L,19940815
162,000576,广东甘化,L,19940907
163,000581,威孚高科,L,19980924
164,000582,北部湾港,L,19951102
165,000584,哈工智能,L,19951128
166,000585,*ST东电,L,19951213
167,000586,汇源通信,L,19951220
168,000587,金洲慈航,L,19960425
169,000589,黔轮胎A,L,19960308
170,000590,启迪古汉,L,19960119
171,000591,太阳能,L,19960208
172,000592,平潭发展,L,19960327
173,000593,大通燃气,L,19960312
174,000595,宝塔实业,L,19960419
175,000596,古井贡酒,L,19960927
176,000597,东北制药,L,19960523
177,000598,兴蓉环境,L,19960529
178,000599,青岛双星,L,19960430
179,000600,建投能源,L,19960606
180,000601,韶能股份,L,19960830
181,000603,盛达矿业,L,19960823
182,000605,渤海股份,L,19960913
183,000606,顺利办,L,19961004
184,000607,华媒控股,L,19960830
185,000608,阳光股份,L,19960919
186,000609,中迪投资,L,19961010
187,000610,西安旅游,L,19960926
188,000611,天首发展,L,19961008
189,000612,焦作万方,L,19960926
190,000613,大东海A,L,19970128
191,000615,京汉股份,L,19961016
192,000616,海航投资,L,19961108
193,000617,中油资本,L,19961022
194,000619,海螺型材,L,19961023
195,000620,新华联,L,19961029
196,000622,恒立实业,L,19961107
197,000623,吉林敖东,L,19961028
198,000625,长安汽车,L,19970610
199,000626,远大控股,L,19961128
200,000627,天茂集团,L,19961112
201,000628,高新发展,L,19961118
202,000629,攀钢钒钛,L,19961115
203,000630,铜陵有色,L,19961120
204,000631,顺发恒业,L,19961122
205,000632,三木集团,L,19961121
206,000633,合金投资,L,19961112
207,000635,英力特,L,19961120
208,000636,风华高科,L,19961129
209,000637,茂化实华,L,19961114
210,000638,万方发展,L,19961126
211,000639,西王食品,L,19961126
212,000650,仁和药业,L,19961210
213,000651,格力电器,L,19961118
214,000652,泰达股份,L,19961128
215,000655,*ST金岭,L,19961128
216,000656,金科股份,L,19961128
217,000657,中钨高新,L,19961205
218,000659,珠海中富,L,19961203
219,000661,长春高新,L,19961218
220,000662,天夏智慧,L,19961216
221,000663,永安林业,L,19961206
222,000665,湖北广电,L,19961210
223,000666,经纬纺机,L,19961210
224,000667,美好置业,L,19961205
225,000668,荣丰控股,L,19961210
226,000669,金鸿控股,L,19961210
227,000670,盈方微,L,19961217
228,000671,阳光城,L,19961218
229,000672,上峰水泥,L,19961218
230,000673,当代东方,L,19970124
231,000676,智度股份,L,19961224
232,000677,恒天海龙,L,19961226
233,000678,襄阳轴承,L,19970106
234,000679,大连友谊,L,19970124
235,000680,山推股份,L,19970122
236,000681,视觉中国,L,19970121
237,000682,东方电子,L,19970121
238,000683,远兴能源,L,19970131
239,000685,中山公用,L,19970123
240,000686,东北证券,L,19970227
241,000687,华讯方舟,L,19970221
242,000688,国城矿业,L,19970120
243,000690,宝新能源,L,19970128
244,000691,亚太实业,L,19970228
245,000692,惠天热电,L,19970227
246,000693,*ST华泽,L,19970226
247,000695,滨海能源,L,19970218
248,000697,炼石有色,L,19970325
249,000698,沈阳化工,L,19970220
250,000700,模塑科技,L,19970228
251,000701,厦门信达,L,19970226
252,000702,正虹科技,L,19970318
253,000703,恒逸石化,L,19970328
254,000705,浙江震元,L,19970410
255,000707,*ST双环,L,19970415
256,000708,大冶特钢,L,19970326
257,000709,河钢股份,L,19970416
258,000710,贝瑞基因,L,19970422
259,000711,京蓝科技,L,19970411
260,000712,锦龙股份,L,19970415
261,000713,丰乐种业,L,19970422
262,000715,中兴商业,L,19970508
263,000716,黑芝麻,L,19970418
264,000717,韶钢松山,L,19970508
265,000718,苏宁环球,L,19970408
266,000719,中原传媒,L,19970331
267,000720,*ST新能,L,19970509
268,000721,西安饮食,L,19970430
269,000722,湖南发展,L,19970522
270,000723,美锦能源,L,19970515
271,000725,京东方A,L,20010112
272,000726,鲁泰A,L,20001225
273,000727,华东科技,L,19970520
274,000728,国元证券,L,19970616
275,000729,燕京啤酒,L,19970716
276,000731,四川美丰,L,19970617
277,000732,泰禾集团,L,19970704
278,000733,振华科技,L,19970703
279,000735,罗牛山,L,19970611
280,000736,中交地产,L,19970425
281,000737,*ST南风,L,19970428
282,000738,航发控制,L,19970626
283,000739,普洛药业,L,19970509
284,000750,国海证券,L,19970709
285,000751,锌业股份,L,19970626
286,000752,西藏发展,L,19970625
287,000753,漳州发展,L,19970626
288,000755,*ST三维,L,19970627
289,000756,新华制药,L,19970806
290,000757,浩物股份,L,19970627
291,000758,中色股份,L,19970416
292,000759,中百集团,L,19970519
293,000760,斯太尔,L,19970627
294,000761,本钢板材,L,19980115
295,000762,西藏矿业,L,19970708
296,000766,通化金马,L,19970430
297,000767,漳泽电力,L,19970609
298,000768,中航飞机,L,19970626
299,000776,广发证券,L,19970611
300,000777,中核科技,L,19970710
301,000778,新兴铸管,L,19970606
302,000779,三毛派神,L,19970528
303,000780,平庄能源,L,19970606
304,000782,美达股份,L,19970619
305,000783,长江证券,L,19970731
306,000785,武汉中商,L,19970711
307,000786,北新建材,L,19970606
308,000788,北大医药,L,19970616
309,000789,万年青,L,19970923
310,000790,泰合健康,L,19980327
311,000791,甘肃电投,L,19971014
312,000792,盐湖股份,L,19970904
313,000793,华闻传媒,L,19970729
314,000795,英洛华,L,19970808
315,000796,凯撒旅游,L,19970703
316,000797,中国武夷,L,19970715
317,000798,中水渔业,L,19980212
318,000799,酒鬼酒,L,19970718
319,000800,一汽轿车,L,19970618
320,000801,四川九洲,L,19980506
321,000802,北京文化,L,19980108
322,000803,*ST金宇,L,19980303
323,000806,银河生物,L,19980416
324,000807,云铝股份,L,19980408
325,000809,铁岭新城,L,19980616
326,000810,创维数字,L,19980602
327,000811,冰轮环境,L,19980528
328,000812,陕西金叶,L,19980623
329,000813,德展健康,L,19980519
330,000815,美利云,L,19980609
331,000816,*ST慧业,L,19970818
332,000818,航锦科技,L,19971017
333,000819,岳阳兴长,L,19970625
334,000820,神雾节能,L,19980630
335,000821,京山轻机,L,19980626
336,000822,山东海化,L,19980703
337,000823,超声电子,L,19971008
338,000825,太钢不锈,L,19981021
339,000826,启迪桑德,L,19980225
340,000828,东莞控股,L,19970617
341,000829,天音控股,L,19971202
342,000830,鲁西化工,L,19980807
343,000831,五矿稀土,L,19980911
344,000833,粤桂股份,L,19981111
345,000835,长城动漫,L,19990625
346,000836,鑫茂科技,L,19970929
347,000837,秦川机床,L,19980928
348,000838,财信发展,L,19970626
349,000839,中信国安,L,19971031
350,000848,承德露露,L,19971113
351,000850,华茂股份,L,19981007
352,000851,高鸿股份,L,19980609
353,000852,石化机械,L,19981126
354,000856,冀东装备,L,19980813
355,000858,五粮液,L,19980427
356,000859,国风塑业,L,19981119
357,000860,顺鑫农业,L,19981104
358,000861,海印股份,L,19981028
359,000862,银星能源,L,19980915
360,000863,三湘印象,L,19970925
361,000868,安凯客车,L,19970725
362,000869,张裕A,L,20001026
363,000875,吉电股份,L,20020926
364,000876,新希望,L,19980311
365,000877,天山股份,L,19990107
366,000878,云南铜业,L,19980602
367,000880,潍柴重机,L,19980402
368,000881,中广核技,L,19980902
369,000882,华联股份,L,19980616
370,000883,湖北能源,L,19980519
371,000885,同力水泥,L,19990319
372,000886,海南高速,L,19980123
373,000887,中鼎股份,L,19981203
374,000888,峨眉山A,L,19971021
375,000889,茂业通信,L,19971218
376,000890,法尔胜,L,19990119
377,000892,欢瑞世纪,L,19990115
378,000893,*ST东凌,L,19981224
379,000895,双汇发展,L,19981210
380,000897,津滨发展,L,19990422
381,000898,鞍钢股份,L,19971225
382,000899,赣能股份,L,19971126
383,000900,现代投资,L,19990128
384,000901,航天科技,L,19990401
385,000902,新洋丰,L,19990408
386,000903,云内动力,L,19990415
387,000905,厦门港务,L,19990429
388,000906,浙商中拓,L,19990707
389,000908,景峰医药,L,19990203
390,000909,数源科技,L,19990507
391,000910,大亚圣象,L,19990630
392,000911,南宁糖业,L,19990527
393,000912,*ST天化,L,19990603
394,000913,钱江摩托,L,19990514
395,000915,山大华特,L,19990609
396,000917,电广传媒,L,19990325
397,000918,嘉凯城,L,19990720
398,000919,金陵药业,L,19991118
399,000920,南方汇通,L,19990616
400,000921,海信科龙,L,19990713
401,000922,*ST佳电,L,19990618
402,000923,河北宣工,L,19990714
403,000925,众合科技,L,19990611
404,000926,福星股份,L,19990618
405,000927,一汽夏利,L,19990727
406,000928,中钢国际,L,19990312
407,000929,兰州黄河,L,19990623
408,000930,中粮生化,L,19990712
409,000931,中关村,L,19990712
410,000932,华菱钢铁,L,19990803
411,000933,神火股份,L,19990831
412,000935,四川双马,L,19990824
413,000936,华西股份,L,19990810
414,000937,冀中能源,L,19990909
415,000938,紫光股份,L,19991104
416,000939,*ST凯迪,L,19990923
417,000948,南天信息,L,19991014
418,000949,新乡化纤,L,19991021
419,000950,重药控股,L,19990916
420,000951,中国重汽,L,19991125
421,000952,广济药业,L,19991112
422,000953,ST河化,L,19991202
423,000955,欣龙控股,L,19991209
424,000957,中通客车,L,20000113
425,000958,东方能源,L,19991223
426,000959,首钢股份,L,19991216
427,000960,锡业股份,L,20000221
428,000961,中南建设,L,20000301
429,000962,东方钽业,L,20000120
430,000963,华东医药,L,20000127
431,000965,天保基建,L,20000406
432,000966,长源电力,L,20000316
433,000967,盈峰环境,L,20000330
434,000968,蓝焰控股,L,20000622
435,000969,安泰科技,L,20000529
436,000970,中科三环,L,20000420
437,000971,高升控股,L,20000427
438,000972,*ST中基,L,20000926
439,000973,佛塑科技,L,20000525
440,000975,银泰资源,L,20000608
441,000976,华铁股份,L,20000601
442,000977,浪潮信息,L,20000608
443,000978,桂林旅游,L,20000518
444,000979,中弘股份,L,20000616
445,000980,众泰汽车,L,20000616
446,000981,银亿股份,L,20000622
447,000982,*ST中绒,L,20000706
448,000983,西山煤电,L,20000726
449,000985,大庆华科,L,20000726
450,000987,越秀金控,L,20000718
451,000988,华工科技,L,20000608
452,000989,九芝堂,L,20000628
453,000990,诚志股份,L,20000706
454,000993,闽东电力,L,20000731
455,000995,*ST皇台,L,20000807
456,000996,中国中期,L,20000718
457,000997,新大陆,L,20000807
458,000998,隆平高科,L,20001211
459,000999,华润三九,L,20000309
460,001696,宗申动力,L,19970306
461,001896,豫能控股,L,19980122
462,001965,招商公路,L,20171225
463,001979,招商蛇口,L,20151230
464,002001,新和成,L,20040625
465,002002,鸿达兴业,L,20040625
466,002003,伟星股份,L,20040625
467,002004,华邦健康,L,20040625
468,002005,德豪润达,L,20040625
469,002006,精功科技,L,20040625
470,002007,华兰生物,L,20040625
471,002008,大族激光,L,20040625
472,002009,天奇股份,L,20040629
473,002010,传化智联,L,20040629
474,002011,盾安环境,L,20040705
475,002012,凯恩股份,L,20040705
476,002013,中航机电,L,20040705
477,002014,永新股份,L,20040708
478,002015,霞客环保,L,20040708
479,002016,世荣兆业,L,20040708
480,002017,东信和平,L,20040713
481,002018,*ST华信,L,20040713
482,002019,亿帆医药,L,20040713
483,002020,京新药业,L,20040715
484,002021,中捷资源,L,20040715
485,002022,科华生物,L,20040721
486,002023,海特高新,L,20040721
487,002024,苏宁易购,L,20040721
488,002025,航天电器,L,20040726
489,002026,山东威达,L,20040727
490,002027,分众传媒,L,20040804
491,002028,思源电气,L,20040805
492,002029,七匹狼,L,20040806
493,002030,达安基因,L,20040809
494,002031,巨轮智能,L,20040816
495,002032,苏泊尔,L,20040817
496,002033,丽江旅游,L,20040825
497,002034,旺能环境,L,20040826
498,002035,华帝股份,L,20040901
499,002036,联创电子,L,20040903
500,002037,久联发展,L,20040908
501,002038,双鹭药业,L,20040909
502,002039,黔源电力,L,20050303
503,002040,南京港,L,20050325
504,002041,登海种业,L,20050418
505,002042,华孚时尚,L,20050427
506,002043,兔宝宝,L,20050510
507,002044,美年健康,L,20050518
508,002045,国光电器,L,20050523
509,002046,轴研科技,L,20050526
510,002047,宝鹰股份,L,20050531
511,002048,宁波华翔,L,20050603
512,002049,紫光国微,L,20050606
513,002050,三花智控,L,20050607
514,002051,中工国际,L,20060619
515,002052,同洲电子,L,20060627
516,002053,云南能投,L,20060627
517,002054,德美化工,L,20060725
518,002055,得润电子,L,20060725
519,002056,横店东磁,L,20060802
520,002057,中钢天源,L,20060802
521,002058,威尔泰,L,20060802
522,002059,云南旅游,L,20060810
523,002060,粤水电,L,20060810
524,002061,浙江交科,L,20060816
525,002062,宏润建设,L,20060816
526,002063,远光软件,L,20060823
527,002064,华峰氨纶,L,20060823
528,002065,东华软件,L,20060823
529,002066,瑞泰科技,L,20060823
530,002067,景兴纸业,L,20060915
531,002068,黑猫股份,L,20060915
532,002069,獐子岛,L,20060928
533,002070,*ST众和,L,20061012
534,002071,长城影视,L,20061012
535,002072,凯瑞德,L,20061018
536,002073,软控股份,L,20061018
537,002074,国轩高科,L,20061018
538,002075,沙钢股份,L,20061025
539,002076,雪莱特,L,20061025
540,002077,大港股份,L,20061116
541,002078,太阳纸业,L,20061116
542,002079,苏州固锝,L,20061116
543,002080,中材科技,L,20061120
544,002081,金螳螂,L,20061120
545,002082,万邦德,L,20061120
546,002083,孚日股份,L,20061124
547,002084,海鸥住工,L,20061124
548,002085,万丰奥威,L,20061128
549,002086,东方海洋,L,20061128
550,002087,新野纺织,L,20061130
551,002088,鲁阳节能,L,20061130
552,002089,新海宜,L,20061130
553,002090,金智科技,L,20061208
554,002091,江苏国泰,L,20061208
555,002092,中泰化学,L,20061208
556,002093,国脉科技,L,20061215
557,002094,青岛金王,L,20061215
558,002095,生意宝,L,20061215
559,002096,南岭民爆,L,20061222
560,002097,山河智能,L,20061222
561,002098,浔兴股份,L,20061222
562,002099,海翔药业,L,20061226
563,002100,天康生物,L,20061226
564,002101,广东鸿图,L,20061229
565,002102,冠福股份,L,20061229
566,002103,广博股份,L,20070110
567,002104,恒宝股份,L,20070110
568,002105,信隆健康,L,20070112
569,002106,莱宝高科,L,20070112
570,002107,沃华医药,L,20070124
571,002108,沧州明珠,L,20070124
572,002109,兴化股份,L,20070126
573,002110,三钢闽光,L,20070126
574,002111,威海广泰,L,20070126
575,002112,三变科技,L,20070208
576,002113,天润数娱,L,20070208
577,002114,罗平锌电,L,20070215
578,002115,三维通信,L,20070215
579,002116,中国海诚,L,20070215
580,002117,东港股份,L,20070302
581,002118,紫鑫药业,L,20070302
582,002119,康强电子,L,20070302
583,002120,韵达股份,L,20070306
584,002121,科陆电子,L,20070306
585,002122,*ST天马,L,20070328
586,002123,梦网集团,L,20070328
587,002124,天邦股份,L,20070403
588,002125,湘潭电化,L,20070403
589,002126,银轮股份,L,20070418
590,002127,南极电商,L,20070418
591,002128,露天煤业,L,20070418
592,002129,中环股份,L,20070420
593,002130,沃尔核材,L,20070420
594,002131,利欧股份,L,20070427
595,002132,恒星科技,L,20070427
596,002133,广宇集团,L,20070427
597,002134,天津普林,L,20070516
598,002135,东南网架,L,20070530
599,002136,安纳达,L,20070530
600,002137,麦达数字,L,20070613
601,002138,顺络电子,L,20070613
602,002139,拓邦股份,L,20070629
603,002140,东华科技,L,20070712
604,002141,贤丰控股,L,20070720
605,002142,宁波银行,L,20070719
606,002143,印纪传媒,L,20070720
607,002144,宏达高科,L,20070803
608,002145,中核钛白,L,20070803
609,002146,荣盛发展,L,20070808
610,002147,新光圆成,L,20070808
611,002148,北纬科技,L,20070810
612,002149,西部材料,L,20070810
613,002150,通润装备,L,20070810
614,002151,北斗星通,L,20070813
615,002152,广电运通,L,20070813
616,002153,石基信息,L,20070813
617,002154,报喜鸟,L,20070816
618,002155,湖南黄金,L,20070816
619,002156,通富微电,L,20070816
620,002157,正邦科技,L,20070817
621,002158,汉钟精机,L,20070817
622,002159,三特索道,L,20070817
623,002160,常铝股份,L,20070821
624,002161,远望谷,L,20070821
625,002162,悦心健康,L,20070823
626,002163,中航三鑫,L,20070823
627,002164,宁波东力,L,20070823
628,002165,红宝丽,L,20070913
629,002166,莱茵生物,L,20070913
630,002167,东方锆业,L,20070913
631,002168,深圳惠程,L,20070919
632,002169,智光电气,L,20070919
633,002170,芭田股份,L,20070919
634,002171,楚江新材,L,20070921
635,002172,澳洋科技,L,20070921
636,002173,创新医疗,L,20070925
637,002174,游族网络,L,20070925
638,002175,东方网络,L,20071012
639,002176,江特电机,L,20071012
640,002177,御银股份,L,20071101
641,002178,延华智能,L,20071101
642,002179,中航光电,L,20071101
643,002180,纳思达,L,20071113
644,002181,粤传媒,L,20071116
645,002182,云海金属,L,20071113
646,002183,怡亚通,L,20071113
647,002184,海得控制,L,20071116
648,002185,华天科技,L,20071120
649,002186,全聚德,L,20071120
650,002187,广百股份,L,20071122
651,002188,*ST巴士,L,20071122
652,002189,利达光电,L,20071203
653,002190,成飞集成,L,20071203
654,002191,劲嘉股份,L,20071205
655,002192,融捷股份,L,20071205
656,002193,如意集团,L,20071207
657,002194,*ST凡谷,L,20071207
658,002195,二三四五,L,20071212
659,002196,方正电机,L,20071212
660,002197,证通电子,L,20071218
661,002198,嘉应制药,L,20071218
662,002199,东晶电子,L,20071221
663,002200,云投生态,L,20071221
664,002201,九鼎新材,L,20071226
665,002202,金风科技,L,20071226
666,002203,海亮股份,L,20080116
667,002204,大连重工,L,20080116
668,002205,国统股份,L,20080123
669,002206,海利得,L,20080123
670,002207,*ST准油,L,20080128
671,002208,合肥城建,L,20080128
672,002209,达意隆,L,20080130
673,002210,飞马国际,L,20080130
674,002211,宏达新材,L,20080201
675,002212,南洋股份,L,20080201
676,002213,特尔佳,L,20080201
677,002214,大立科技,L,20080218
678,002215,诺普信,L,20080218
679,002216,三全食品,L,20080220
680,002217,合力泰,L,20080220
681,002218,拓日新能,L,20080228
682,002219,恒康医疗,L,20080306
683,002220,天宝食品,L,20080228
684,002221,东华能源,L,20080306
685,002222,福晶科技,L,20080319
686,002223,鱼跃医疗,L,20080418
687,002224,三力士,L,20080425
688,002225,濮耐股份,L,20080425
689,002226,江南化工,L,20080506
690,002227,奥特迅,L,20080506
691,002228,合兴包装,L,20080508
692,002229,鸿博股份,L,20080508
693,002230,科大讯飞,L,20080512
694,002231,奥维通信,L,20080512
695,002232,启明信息,L,20080509
696,002233,塔牌集团,L,20080516
697,002234,民和股份,L,20080516
698,002235,安妮股份,L,20080516
699,002236,大华股份,L,20080520
700,002237,恒邦股份,L,20080520
701,002238,天威视讯,L,20080526
702,002239,奥特佳,L,20080522
703,002240,威华股份,L,20080523
704,002241,歌尔股份,L,20080522
705,002242,九阳股份,L,20080528
706,002243,通产丽星,L,20080528
707,002244,滨江集团,L,20080529
708,002245,澳洋顺昌,L,20080605
709,002246,北化股份,L,20080605
710,002247,帝龙文化,L,20080612
711,002248,华东数控,L,20080612
712,002249,大洋电机,L,20080619
713,002250,联化科技,L,20080619
714,002251,步步高,L,20080619
715,002252,上海莱士,L,20080623
716,002253,川大智胜,L,20080623
717,002254,泰和新材,L,20080625
718,002255,海陆重工,L,20080625
719,002256,兆新股份,L,20080625
720,002258,利尔化学,L,20080708
721,002259,升达林业,L,20080716
722,002260,*ST德奥,L,20080716
723,002261,拓维信息,L,20080723
724,002262,恩华药业,L,20080723
725,002263,*ST东南,L,20080728
726,002264,新华都,L,20080731
727,002265,西仪股份,L,20080806
728,002266,浙富控股,L,20080806
729,002267,陕天然气,L,20080813
730,002268,卫士通,L,20080811
731,002269,美邦服饰,L,20080828
732,002270,华明装备,L,20080905
733,002271,东方雨虹,L,20080910
734,002272,川润股份,L,20080919
735,002273,水晶光电,L,20080919
736,002274,华昌化工,L,20080925
737,002275,桂林三金,L,20090710
738,002276,万马股份,L,20090710
739,002277,友阿股份,L,20090717
740,002278,神开股份,L,20090811
741,002279,久其软件,L,20090811
742,002280,联络互动,L,20090821
743,002281,光迅科技,L,20090821
744,002282,博深工具,L,20090821
745,002283,天润曲轴,L,20090821
746,002284,亚太股份,L,20090828
747,002285,世联行,L,20090828
748,002286,保龄宝,L,20090828
749,002287,奇正藏药,L,20090828
750,002288,超华科技,L,20090903
751,002289,宇顺电子,L,20090903
752,002290,中科新材,L,20090903
753,002291,星期六,L,20090903
754,002292,奥飞娱乐,L,20090910
755,002293,罗莱生活,L,20090910
756,002294,信立泰,L,20090910
757,002295,精艺股份,L,20090929
758,002296,辉煌科技,L,20090929
759,002297,博云新材,L,20090929
760,002298,中电兴发,L,20090929
761,002299,圣农发展,L,20091021
762,002300,太阳电缆,L,20091021
763,002301,齐心集团,L,20091021
764,002302,西部建设,L,20091103
765,002303,美盈森,L,20091103
766,002304,洋河股份,L,20091106
767,002305,南国置业,L,20091106
768,002306,*ST云网,L,20091111
769,002307,北新路桥,L,20091111
770,002308,威创股份,L,20091127
771,002309,中利集团,L,20091127
772,002310,东方园林,L,20091127
773,002311,海大集团,L,20091127
774,002312,三泰控股,L,20091203
775,002313,日海智能,L,20091203
776,002314,南山控股,L,20091203
777,002315,焦点科技,L,20091209
778,002316,亚联发展,L,20091209
779,002317,众生药业,L,20091211
780,002318,久立特材,L,20091211
781,002319,乐通股份,L,20091211
782,002320,海峡股份,L,20091216
783,002321,华英农业,L,20091216
784,002322,理工环科,L,20091218
785,002323,*ST百特,L,20091218
786,002324,普利特,L,20091218
787,002325,洪涛股份,L,20091222
788,002326,永太科技,L,20091222
789,002327,富安娜,L,20091230
790,002328,新朋股份,L,20091230
791,002329,皇氏集团,L,20100106
792,002330,得利斯,L,20100106
793,002331,皖通科技,L,20100106
794,002332,仙琚制药,L,20100112
795,002333,罗普斯金,L,20100112
796,002334,英威腾,L,20100113
797,002335,科华恒盛,L,20100113
798,002336,人人乐,L,20100113
799,002337,赛象科技,L,20100115
800,002338,奥普光电,L,20100115
801,002339,积成电子,L,20100122
802,002340,格林美,L,20100122
803,002341,新纶科技,L,20100122
804,002342,巨力索具,L,20100126
805,002343,慈文传媒,L,20100126
806,002344,海宁皮城,L,20100126
807,002345,潮宏基,L,20100128
808,002346,柘中股份,L,20100128
809,002347,泰尔股份,L,20100128
810,002348,高乐股份,L,20100203
811,002349,精华制药,L,20100203
812,002350,北京科锐,L,20100203
813,002351,漫步者,L,20100205
814,002352,顺丰控股,L,20100205
815,002353,杰瑞股份,L,20100205
816,002354,天神娱乐,L,20100209
817,002355,兴民智通,L,20100209
818,002356,赫美集团,L,20100209
819,002357,富临运业,L,20100210
820,002358,森源电气,L,20100210
821,002359,北讯集团,L,20100210
822,002360,同德化工,L,20100303
823,002361,神剑股份,L,20100303
824,002362,汉王科技,L,20100303
825,002363,隆基机械,L,20100305
826,002364,中恒电气,L,20100305
827,002365,永安药业,L,20100305
828,002366,台海核电,L,20100312
829,002367,康力电梯,L,20100312
830,002368,太极股份,L,20100312
831,002369,卓翼科技,L,20100316
832,002370,亚太药业,L,20100316
833,002371,北方华创,L,20100316
834,002372,伟星新材,L,20100318
835,002373,千方科技,L,20100318
836,002374,丽鹏股份,L,20100318
837,002375,亚厦股份,L,20100323
838,002376,新北洋,L,20100323
839,002377,国创高新,L,20100323
840,002378,章源钨业,L,20100331
841,002379,宏创控股,L,20100331
842,002380,科远股份,L,20100331
843,002381,双箭股份,L,20100402
844,002382,蓝帆医疗,L,20100402
845,002383,合众思壮,L,20100402
846,002384,东山精密,L,20100409
847,002385,大北农,L,20100409
848,002386,天原集团,L,20100409
849,002387,维信诺,L,20100413
850,002388,新亚制程,L,20100413
851,002389,南洋科技,L,20100413
852,002390,信邦制药,L,20100416
853,002391,长青股份,L,20100416
854,002392,北京利尔,L,20100423
855,002393,力生制药,L,20100423
856,002394,联发股份,L,20100423
857,002395,双象股份,L,20100429
858,002396,星网锐捷,L,20100623
859,002397,梦洁股份,L,20100429
860,002398,建研集团,L,20100506
861,002399,海普瑞,L,20100506
862,002400,省广集团,L,20100506
863,002401,中远海科,L,20100506
864,002402,和而泰,L,20100511
865,002403,爱仕达,L,20100511
866,002404,嘉欣丝绸,L,20100511
867,002405,四维图新,L,20100518
868,002406,远东传动,L,20100518
869,002407,多氟多,L,20100518
870,002408,齐翔腾达,L,20100518
871,002409,雅克科技,L,20100525
872,002410,广联达,L,20100525
873,002411,必康股份,L,20100525
874,002412,汉森制药,L,20100525
875,002413,雷科防务,L,20100528
876,002414,高德红外,L,20100716
877,002415,海康威视,L,20100528
878,002416,爱施德,L,20100528
879,002417,深南股份,L,20100601
880,002418,康盛股份,L,20100601
881,002419,天虹股份,L,20100601
882,002420,毅昌股份,L,20100601
883,002421,达实智能,L,20100603
884,002422,科伦药业,L,20100603
885,002423,中原特钢,L,20100603
886,002424,贵州百灵,L,20100603
887,002425,凯撒文化,L,20100608
888,002426,胜利精密,L,20100608
889,002427,*ST尤夫,L,20100608
890,002428,云南锗业,L,20100608
891,002429,兆驰股份,L,20100610
892,002430,杭氧股份,L,20100610
893,002431,棕榈股份,L,20100610
894,002432,九安医疗,L,20100610
895,002433,太安堂,L,20100618
896,002434,万里扬,L,20100618
897,002435,长江润发,L,20100618
898,002436,兴森科技,L,20100618
899,002437,誉衡药业,L,20100623
900,002438,江苏神通,L,20100623
901,002439,启明星辰,L,20100623
902,002440,闰土股份,L,20100706
903,002441,众业达,L,20100706
904,002442,龙星化工,L,20100706
905,002443,金洲管道,L,20100706
906,002444,巨星科技,L,20100713
907,002445,中南文化,L,20100713
908,002446,盛路通信,L,20100713
909,002447,晨鑫科技,L,20100713
910,002448,中原内配,L,20100716
911,002449,国星光电,L,20100716
912,002450,康得新,L,20100716
913,002451,摩恩电气,L,20100720
914,002452,长高集团,L,20100720
915,002453,华软科技,L,20100720
916,002454,松芝股份,L,20100720
917,002455,百川股份,L,20100803
918,002456,欧菲科技,L,20100803
919,002457,青龙管业,L,20100803
920,002458,益生股份,L,20100810
921,002459,天业通联,L,20100810
922,002460,赣锋锂业,L,20100810
923,002461,珠江啤酒,L,20100818
924,002462,嘉事堂,L,20100818
925,002463,沪电股份,L,20100818
926,002464,众应互联,L,20100831
927,002465,海格通信,L,20100831
928,002466,天齐锂业,L,20100831
929,002467,二六三,L,20100908
930,002468,申通快递,L,20100908
931,002469,三维工程,L,20100908
932,002470,金正大,L,20100908
933,002471,中超控股,L,20100910
934,002472,双环传动,L,20100910
935,002473,*ST圣莱,L,20100910
936,002474,榕基软件,L,20100915
937,002475,立讯精密,L,20100915
938,002476,宝莫股份,L,20100915
939,002477,雏鹰农牧,L,20100915
940,002478,常宝股份,L,20100921
941,002479,富春环保,L,20100921
942,002480,新筑股份,L,20100921
943,002481,双塔食品,L,20100921
944,002482,广田集团,L,20100929
945,002483,润邦股份,L,20100929
946,002484,江海股份,L,20100929
947,002485,希努尔,L,20101015
948,002486,嘉麟杰,L,20101015
949,002487,大金重工,L,20101015
950,002488,金固股份,L,20101021
951,002489,浙江永强,L,20101021
952,002490,山东墨龙,L,20101021
953,002491,通鼎互联,L,20101021
954,002492,恒基达鑫,L,20101102
955,002493,荣盛石化,L,20101102
956,002494,华斯股份,L,20101102
957,002495,佳隆股份,L,20101102
958,002496,ST辉丰,L,20101109
959,002497,雅化集团,L,20101109
960,002498,汉缆股份,L,20101109
961,002499,科林环保,L,20101109
962,002500,山西证券,L,20101115
963,002501,利源精制,L,20101117
964,002502,骅威文化,L,20101117
965,002503,搜于特,L,20101117
966,002504,弘高创意,L,20101118
967,002505,大康农业,L,20101118
968,002506,协鑫集成,L,20101118
969,002507,涪陵榨菜,L,20101123
970,002508,老板电器,L,20101123
971,002509,天广中茂,L,20101123
972,002510,天汽模,L,20101125
973,002511,中顺洁柔,L,20101125
974,002512,达华智能,L,20101203
975,002513,蓝丰生化,L,20101203
976,002514,宝馨科技,L,20101203
977,002515,金字火腿,L,20101203
978,002516,旷达科技,L,20101207
979,002517,恺英网络,L,20101207
980,002518,科士达,L,20101207
981,002519,银河电子,L,20101207
982,002520,日发精机,L,20101210
983,002521,齐峰新材,L,20101210
984,002522,浙江众成,L,20101210
985,002523,天桥起重,L,20101210
986,002524,光正集团,L,20101217
987,002526,山东矿机,L,20101217
988,002527,新时达,L,20101224
989,002528,英飞拓,L,20101224
990,002529,海源复材,L,20101224
991,002530,金财互联,L,20101231
992,002531,天顺风能,L,20101231
993,002532,新界泵业,L,20101231
994,002533,金杯电工,L,20101231
995,002534,杭锅股份,L,20110110
996,002535,林州重机,L,20110111
997,002536,西泵股份,L,20110111
998,002537,海联金汇,L,20110110
999,002538,司尔特,L,20110118
1000,002539,云图控股,L,20110118
1001,002540,亚太科技,L,20110118
1002,002541,鸿路钢构,L,20110118
1003,002542,中化岩土,L,20110128
1004,002543,万和电气,L,20110128
1005,002544,杰赛科技,L,20110128
1006,002545,东方铁塔,L,20110211
1007,002546,新联电子,L,20110211
1008,002547,春兴精工,L,20110218
1009,002548,金新农,L,20110218
1010,002549,凯美特气,L,20110218
1011,002550,千红制药,L,20110218
1012,002551,尚荣医疗,L,20110225
1013,002552,*ST宝鼎,L,20110225
1014,002553,南方轴承,L,20110225
1015,002554,惠博普,L,20110225
1016,002555,三七互娱,L,20110302
1017,002556,辉隆股份,L,20110302
1018,002557,洽洽食品,L,20110302
1019,002558,巨人网络,L,20110302
1020,002559,亚威股份,L,20110303
1021,002560,通达股份,L,20110303
1022,002561,徐家汇,L,20110303
1023,002562,兄弟科技,L,20110310
1024,002563,森马服饰,L,20110311
1025,002564,天沃科技,L,20110310
1026,002565,顺灏股份,L,20110318
1027,002566,益盛药业,L,20110318
1028,002567,唐人神,L,20110325
1029,002568,百润股份,L,20110325
1030,002569,步森股份,L,20110412
1031,002570,*ST因美,L,20110412
1032,002571,德力股份,L,20110412
1033,002572,索菲亚,L,20110412
1034,002573,清新环境,L,20110422
1035,002574,明牌珠宝,L,20110422
1036,002575,群兴玩具,L,20110422
1037,002576,通达动力,L,20110428
1038,002577,雷柏科技,L,20110428
1039,002578,闽发铝业,L,20110428
1040,002579,中京电子,L,20110506
1041,002580,圣阳股份,L,20110506
1042,002581,未名医药,L,20110520
1043,002582,好想你,L,20110520
1044,002583,海能达,L,20110527
1045,002584,西陇科学,L,20110602
1046,002585,双星新材,L,20110602
1047,002586,围海股份,L,20110602
1048,002587,奥拓电子,L,20110610
1049,002588,史丹利,L,20110610
1050,002589,瑞康医药,L,20110610
1051,002590,万安科技,L,20110610
1052,002591,恒大高新,L,20110621
1053,002592,八菱科技,L,20111111
1054,002593,日上集团,L,20110628
1055,002594,比亚迪,L,20110630
1056,002595,豪迈科技,L,20110628
1057,002596,海南瑞泽,L,20110707
1058,002597,金禾实业,L,20110707
1059,002598,山东章鼓,L,20110707
1060,002599,盛通股份,L,20110715
1061,002600,领益智造,L,20110715
1062,002601,龙蟒佰利,L,20110715
1063,002602,世纪华通,L,20110728
1064,002603,以岭药业,L,20110728
1065,002604,*ST龙力,L,20110728
1066,002605,姚记扑克,L,20110805
1067,002606,大连电瓷,L,20110805
1068,002607,亚夏汽车,L,20110810
1069,002608,江苏国信,L,20110810
1070,002609,捷顺科技,L,20110815
1071,002610,爱康科技,L,20110815
1072,002611,东方精工,L,20110830
1073,002612,朗姿股份,L,20110830
1074,002613,北玻股份,L,20110830
1075,002614,奥佳华,L,20110909
1076,002615,哈尔斯,L,20110909
1077,002616,长青集团,L,20110920
1078,002617,露笑科技,L,20110920
1079,002618,丹邦科技,L,20110920
1080,002619,艾格拉斯,L,20110929
1081,002620,瑞和股份,L,20110929
1082,002621,三垒股份,L,20110929
1083,002622,融钰集团,L,20111018
1084,002623,亚玛顿,L,20111013
1085,002624,完美世界,L,20111028
1086,002625,光启技术,L,20111103
1087,002626,金达威,L,20111028
1088,002627,宜昌交运,L,20111103
1089,002628,成都路桥,L,20111103
1090,002629,仁智股份,L,20111103
1091,002630,华西能源,L,20111111
1092,002631,德尔未来,L,20111111
1093,002632,道明光学,L,20111122
1094,002633,申科股份,L,20111122
1095,002634,棒杰股份,L,20111205
1096,002635,安洁科技,L,20111125
1097,002636,金安国纪,L,20111125
1098,002637,赞宇科技,L,20111125
1099,002638,勤上股份,L,20111125
1100,002639,雪人股份,L,20111205
1101,002640,跨境通,L,20111208
1102,002641,永高股份,L,20111208
1103,002642,荣之联,L,20111220
1104,002643,万润股份,L,20111220
1105,002644,佛慈制药,L,20111222
1106,002645,华宏科技,L,20111220
1107,002646,青青稞酒,L,20111222
1108,002647,仁东控股,L,20111228
1109,002648,卫星石化,L,20111228
1110,002649,博彦科技,L,20120106
1111,002650,加加食品,L,20120106
1112,002651,利君股份,L,20120106
1113,002652,扬子新材,L,20120119
1114,002653,海思科,L,20120117
1115,002654,万润科技,L,20120217
1116,002655,共达电声,L,20120217
1117,002656,摩登大道,L,20120228
1118,002657,中科金财,L,20120228
1119,002658,雪迪龙,L,20120309
1120,002659,凯文教育,L,20120309
1121,002660,茂硕电源,L,20120316
1122,002661,克明面业,L,20120316
1123,002662,京威股份,L,20120309
1124,002663,普邦股份,L,20120316
1125,002664,长鹰信质,L,20120316
1126,002665,首航节能,L,20120327
1127,002666,德联集团,L,20120327
1128,002667,鞍重股份,L,20120329
1129,002668,奥马电器,L,20120416
1130,002669,康达新材,L,20120416
1131,002670,国盛金控,L,20120416
1132,002671,龙泉股份,L,20120426
1133,002672,东江环保,L,20120426
1134,002673,西部证券,L,20120503
1135,002674,兴业科技,L,20120507
1136,002675,东诚药业,L,20120525
1137,002676,顺威股份,L,20120525
1138,002677,浙江美大,L,20120525
1139,002678,珠江钢琴,L,20120530
1140,002679,福建金森,L,20120605
1141,002680,ST长生,L,20120605
1142,002681,奋达科技,L,20120605
1143,002682,龙洲股份,L,20120612
1144,002683,宏大爆破,L,20120612
1145,002684,猛狮科技,L,20120612
1146,002685,华东重机,L,20120612
1147,002686,亿利达,L,20120703
1148,002687,乔治白,L,20120713
1149,002688,金河生物,L,20120713
1150,002689,远大智能,L,20120717
1151,002690,美亚光电,L,20120731
1152,002691,冀凯股份,L,20120731
1153,002692,睿康股份,L,20120808
1154,002693,双成药业,L,20120808
1155,002694,顾地科技,L,20120816
1156,002695,煌上煌,L,20120905
1157,002696,百洋股份,L,20120905
1158,002697,红旗连锁,L,20120905
1159,002698,博实股份,L,20120911
1160,002699,美盛文化,L,20120911
1161,002700,新疆浩源,L,20120921
1162,002701,奥瑞金,L,20121011
1163,002702,海欣食品,L,20121011
1164,002703,浙江世宝,L,20121102
1165,002705,新宝股份,L,20140121
1166,002706,良信电器,L,20140121
1167,002707,众信旅游,L,20140123
1168,002708,光洋股份,L,20140121
1169,002709,天赐材料,L,20140123
1170,002711,欧浦智网,L,20140127
1171,002712,思美传媒,L,20140123
1172,002713,东易日盛,L,20140219
1173,002714,牧原股份,L,20140128
1174,002715,登云股份,L,20140219
1175,002716,金贵银业,L,20140128
1176,002717,岭南股份,L,20140219
1177,002718,友邦吊顶,L,20140128
1178,002719,麦趣尔,L,20140128
1179,002721,金一文化,L,20140127
1180,002722,金轮股份,L,20140128
1181,002723,金莱特,L,20140129
1182,002724,海洋王,L,20141104
1183,002725,跃岭股份,L,20140129
1184,002726,龙大肉食,L,20140626
1185,002727,一心堂,L,20140702
1186,002728,特一药业,L,20140731
1187,002729,好利来,L,20140912
1188,002730,电光科技,L,20141009
1189,002731,萃华珠宝,L,20141104
1190,002732,燕塘乳业,L,20141205
1191,002733,雄韬股份,L,20141203
1192,002734,利民股份,L,20150127
1193,002735,王子新材,L,20141203
1194,002736,国信证券,L,20141229
1195,002737,葵花药业,L,20141230
1196,002738,中矿资源,L,20141230
1197,002739,万达电影,L,20150122
1198,002740,爱迪尔,L,20150122
1199,002741,光华科技,L,20150216
1200,002742,三圣股份,L,20150217
1201,002743,富煌钢构,L,20150217
1202,002745,木林森,L,20150217
1203,002746,仙坛股份,L,20150216
1204,002747,埃斯顿,L,20150320
1205,002748,世龙实业,L,20150319
1206,002749,国光股份,L,20150320
1207,002750,龙津药业,L,20150324
1208,002751,易尚展示,L,20150424
1209,002752,昇兴股份,L,20150422
1210,002753,永东股份,L,20150519
1211,002755,东方新星,L,20150515
1212,002756,永兴特钢,L,20150515
1213,002757,南兴装备,L,20150527
1214,002758,华通医药,L,20150527
1215,002759,天际股份,L,20150528
1216,002760,凤形股份,L,20150611
1217,002761,多喜爱,L,20150610
1218,002762,金发拉比,L,20150610
1219,002763,汇洁股份,L,20150610
1220,002765,蓝黛传动,L,20150612
1221,002766,索菱股份,L,20150611
1222,002767,先锋电子,L,20150612
1223,002768,国恩股份,L,20150630
1224,002769,普路通,L,20150629
1225,002770,科迪乳业,L,20150630
1226,002771,真视通,L,20150629
1227,002772,众兴菌业,L,20150626
1228,002773,康弘药业,L,20150626
1229,002774,快意电梯,L,20170324
1230,002775,文科园林,L,20150629
1231,002776,柏堡龙,L,20150626
1232,002777,久远银海,L,20151231
1233,002778,高科石化,L,20160106
1234,002779,中坚科技,L,20151209
1235,002780,三夫户外,L,20151209
1236,002781,奇信股份,L,20151222
1237,002782,可立克,L,20151222
1238,002783,凯龙股份,L,20151209
1239,002785,万里石,L,20151223
1240,002786,银宝山新,L,20151223
1241,002787,华源控股,L,20151231
1242,002788,鹭燕医药,L,20160218
1243,002789,建艺集团,L,20160311
1244,002790,瑞尔特,L,20160308
1245,002791,坚朗五金,L,20160329
1246,002792,通宇通讯,L,20160328
1247,002793,东音股份,L,20160415
1248,002795,永和智控,L,20160428
1249,002796,世嘉科技,L,20160510
1250,002797,第一创业,L,20160511
1251,002798,帝欧家居,L,20160525
1252,002799,环球印务,L,20160608
1253,002800,天顺股份,L,20160530
1254,002801,微光股份,L,20160622
1255,002802,洪汇新材,L,20160629
1256,002803,吉宏股份,L,20160712
1257,002805,丰元股份,L,20160707
1258,002806,华锋股份,L,20160726
1259,002807,江阴银行,L,20160902
1260,002808,苏州恒久,L,20160812
1261,002809,红墙股份,L,20160823
1262,002810,山东赫达,L,20160826
1263,002811,亚泰国际,L,20160908
1264,002812,创新股份,L,20160914
1265,002813,路畅科技,L,20161012
1266,002815,崇达技术,L,20161012
1267,002816,和科达,L,20161025
1268,002817,黄山胶囊,L,20161025
1269,002818,富森美,L,20161109
1270,002819,东方中科,L,20161111
1271,002820,桂发祥,L,20161118
1272,002821,凯莱英,L,20161118
1273,002822,中装建设,L,20161129
1274,002823,凯中精密,L,20161124
1275,002824,和胜股份,L,20170112
1276,002825,纳尔股份,L,20161129
1277,002826,易明医药,L,20161209
1278,002827,高争民爆,L,20161209
1279,002828,贝肯能源,L,20161208
1280,002829,星网宇达,L,20161213
1281,002830,名雕股份,L,20161213
1282,002831,裕同科技,L,20161216
1283,002832,比音勒芬,L,20161223
1284,002833,弘亚数控,L,20161228
1285,002835,同为股份,L,20161228
1286,002836,新宏泽,L,20161229
1287,002837,英维克,L,20161229
1288,002838,道恩股份,L,20170106
1289,002839,张家港行,L,20170124
1290,002840,华统股份,L,20170110
1291,002841,视源股份,L,20170119
1292,002842,翔鹭钨业,L,20170119
1293,002843,泰嘉股份,L,20170120
1294,002845,同兴达,L,20170125
1295,002846,英联股份,L,20170207
1296,002847,盐津铺子,L,20170208
1297,002848,高斯贝尔,L,20170213
1298,002849,威星智能,L,20170217
1299,002850,科达利,L,20170302
1300,002851,麦格米特,L,20170306
1301,002852,道道全,L,20170310
1302,002853,皮阿诺,L,20170310
1303,002855,捷荣技术,L,20170321
1304,002856,美芝股份,L,20170320
1305,002857,三晖电气,L,20170323
1306,002858,力盛赛车,L,20170324
1307,002859,洁美科技,L,20170407
1308,002860,星帅尔,L,20170412
1309,002861,瀛通通讯,L,20170413
1310,002862,实丰文化,L,20170411
1311,002863,今飞凯达,L,20170418
1312,002864,盘龙药业,L,20171116
1313,002865,钧达股份,L,20170425
1314,002866,传艺科技,L,20170426
1315,002867,周大生,L,20170427
1316,002868,绿康生化,L,20170503
1317,002869,金溢科技,L,20170515
1318,002870,香山股份,L,20170515
1319,002871,伟隆股份,L,20170511
1320,002872,天圣制药,L,20170519
1321,002873,新天药业,L,20170519
1322,002875,安奈儿,L,20170601
1323,002876,三利谱,L,20170525
1324,002877,智能自控,L,20170605
1325,002878,元隆雅图,L,20170606
1326,002879,长缆科技,L,20170707
1327,002880,卫光生物,L,20170616
1328,002881,美格智能,L,20170622
1329,002882,金龙羽,L,20170717
1330,002883,中设股份,L,20170620
1331,002884,凌霄泵业,L,20170711
1332,002885,京泉华,L,20170627
1333,002886,沃特股份,L,20170627
1334,002887,绿茵生态,L,20170801
1335,002888,惠威科技,L,20170721
1336,002889,东方嘉盛,L,20170731
1337,002890,弘宇股份,L,20170802
1338,002891,中宠股份,L,20170821
1339,002892,科力尔,L,20170817
1340,002893,华通热力,L,20170915
1341,002895,川恒股份,L,20170825
1342,002896,中大力德,L,20170829
1343,002897,意华股份,L,20170907
1344,002898,赛隆药业,L,20170912
1345,002899,英派斯,L,20170915
1346,002900,哈三联,L,20170922
1347,002901,大博医疗,L,20170922
1348,002902,铭普光磁,L,20170929
1349,002903,宇环数控,L,20171013
1350,002905,金逸影视,L,20171016
1351,002906,华阳集团,L,20171013
1352,002907,华森制药,L,20171020
1353,002908,德生科技,L,20171020
1354,002909,集泰股份,L,20171026
1355,002910,庄园牧场,L,20171031
1356,002911,佛燃股份,L,20171122
1357,002912,中新赛克,L,20171121
1358,002913,奥士康,L,20171201
1359,002915,中欣氟材,L,20171205
1360,002916,深南电路,L,20171213
1361,002917,金奥博,L,20171208
1362,002918,蒙娜丽莎,L,20171219
1363,002919,名臣健康,L,20171218
1364,002920,德赛西威,L,20171226
1365,002921,联诚精密,L,20171227
1366,002922,伊戈尔,L,20171229
1367,002923,润都股份,L,20180105
1368,002925,盈趣科技,L,20180115
1369,002926,华西证券,L,20180205
1370,002927,泰永长征,L,20180223
1371,002928,华夏航空,L,20180302
1372,002929,润建通信,L,20180301
1373,002930,宏川智慧,L,20180328
1374,002931,锋龙股份,L,20180403
1375,002932,明德生物,L,20180710
1376,002933,新兴装备,L,20180828
1377,002935,天奥电子,L,20180903
1378,300001,特锐德,L,20091030
1379,300002,神州泰岳,L,20091030
1380,300003,乐普医疗,L,20091030
1381,300004,南风股份,L,20091030
1382,300005,探路者,L,20091030
1383,300006,莱美药业,L,20091030
1384,300007,汉威科技,L,20091030
1385,300008,天海防务,L,20091030
1386,300009,安科生物,L,20091030
1387,300010,立思辰,L,20091030
1388,300011,鼎汉技术,L,20091030
1389,300012,华测检测,L,20091030
1390,300013,新宁物流,L,20091030
1391,300014,亿纬锂能,L,20091030
1392,300015,爱尔眼科,L,20091030
1393,300016,北陆药业,L,20091030
1394,300017,网宿科技,L,20091030
1395,300018,中元股份,L,20091030
1396,300019,硅宝科技,L,20091030
1397,300020,银江股份,L,20091030
1398,300021,大禹节水,L,20091030
1399,300022,吉峰农机,L,20091030
1400,300023,宝德股份,L,20091030
1401,300024,机器人,L,20091030
1402,300025,华星创业,L,20091030
1403,300026,红日药业,L,20091030
1404,300027,华谊兄弟,L,20091030
1405,300028,金亚科技,L,20091030
1406,300029,天龙光电,L,20091225
1407,300030,阳普医疗,L,20091225
1408,300031,宝通科技,L,20091225
1409,300032,金龙机电,L,20091225
1410,300033,同花顺,L,20091225
1411,300034,钢研高纳,L,20091225
1412,300035,中科电气,L,20091225
1413,300036,超图软件,L,20091225
1414,300037,新宙邦,L,20100108
1415,300038,梅泰诺,L,20100108
1416,300039,上海凯宝,L,20100108
1417,300040,九洲电气,L,20100108
1418,300041,回天新材,L,20100108
1419,300042,朗科科技,L,20100108
1420,300043,星辉娱乐,L,20100120
1421,300044,赛为智能,L,20100120
1422,300045,华力创通,L,20100120
1423,300046,台基股份,L,20100120
1424,300047,天源迪科,L,20100120
1425,300048,合康新能,L,20100120
1426,300049,福瑞股份,L,20100120
1427,300050,世纪鼎利,L,20100120
1428,300051,三五互联,L,20100211
1429,300052,中青宝,L,20100211
1430,300053,欧比特,L,20100211
1431,300054,鼎龙股份,L,20100211
1432,300055,万邦达,L,20100226
1433,300056,三维丝,L,20100226
1434,300057,万顺股份,L,20100226
1435,300058,蓝色光标,L,20100226
1436,300059,东方财富,L,20100319
1437,300061,康旗股份,L,20100319
1438,300062,中能电气,L,20100319
1439,300063,天龙集团,L,20100326
1440,300064,豫金刚石,L,20100326
1441,300065,海兰信,L,20100326
1442,300066,三川智慧,L,20100326
1443,300067,安诺其,L,20100421
1444,300068,南都电源,L,20100421
1445,300069,金利华电,L,20100421
1446,300070,碧水源,L,20100421
1447,300071,华谊嘉信,L,20100421
1448,300072,三聚环保,L,20100427
1449,300073,当升科技,L,20100427
1450,300074,华平股份,L,20100427
1451,300075,数字政通,L,20100427
1452,300076,GQY视讯,L,20100430
1453,300077,国民技术,L,20100430
1454,300078,思创医惠,L,20100430
1455,300079,数码科技,L,20100430
1456,300080,易成新能,L,20100625
1457,300081,恒信东方,L,20100520
1458,300082,奥克股份,L,20100520
1459,300083,劲胜智能,L,20100520
1460,300084,海默科技,L,20100520
1461,300085,银之杰,L,20100526
1462,300086,康芝药业,L,20100526
1463,300087,荃银高科,L,20100526
1464,300088,长信科技,L,20100526
1465,300089,文化长城,L,20100625
1466,300090,盛运环保,L,20100625
1467,300091,金通灵,L,20100625
1468,300092,科新机电,L,20100708
1469,300093,金刚玻璃,L,20100708
1470,300094,国联水产,L,20100708
1471,300095,华伍股份,L,20100728
1472,300096,易联众,L,20100728
1473,300097,智云股份,L,20100728
1474,300098,高新兴,L,20100728
1475,300099,精准信息,L,20100806
1476,300100,双林股份,L,20100806
1477,300101,振芯科技,L,20100806
1478,300102,乾照光电,L,20100812
1479,300103,达刚路机,L,20100812
1480,300104,乐视网,L,20100812
1481,300105,龙源技术,L,20100820
1482,300106,西部牧业,L,20100820
1483,300107,建新股份,L,20100820
1484,300108,吉药控股,L,20100825
1485,300109,新开源,L,20100825
1486,300110,华仁药业,L,20100825
1487,300111,向日葵,L,20100827
1488,300112,万讯自控,L,20100827
1489,300113,顺网科技,L,20100827
1490,300114,中航电测,L,20100827
1491,300115,长盈精密,L,20100902
1492,300116,坚瑞沃能,L,20100902
1493,300117,嘉寓股份,L,20100902
1494,300118,东方日升,L,20100902
1495,300119,瑞普生物,L,20100917
1496,300120,经纬辉开,L,20100917
1497,300121,阳谷华泰,L,20100917
1498,300122,智飞生物,L,20100928
1499,300123,亚光科技,L,20100928
1500,300124,汇川技术,L,20100928
1501,300125,易世达,L,20101013
1502,300126,锐奇股份,L,20101013
1503,300127,银河磁体,L,20101013
1504,300128,锦富技术,L,20101013
1505,300129,泰胜风能,L,20101019
1506,300130,新国都,L,20101019
1507,300131,英唐智控,L,20101019
1508,300132,青松股份,L,20101026
1509,300133,华策影视,L,20101026
1510,300134,大富科技,L,20101026
1511,300135,宝利国际,L,20101026
1512,300136,信维通信,L,20101105
1513,300137,先河环保,L,20101105
1514,300138,晨光生物,L,20101105
1515,300139,晓程科技,L,20101112
1516,300140,中环装备,L,20101112
1517,300141,和顺电气,L,20101112
1518,300142,沃森生物,L,20101112
1519,300143,星普医科,L,20101209
1520,300144,宋城演艺,L,20101209
1521,300145,中金环境,L,20101209
1522,300146,汤臣倍健,L,20101215
1523,300147,香雪制药,L,20101215
1524,300148,天舟文化,L,20101215
1525,300149,量子生物,L,20101222
1526,300150,世纪瑞尔,L,20101222
1527,300151,昌红科技,L,20101222
1528,300152,科融环境,L,20101229
1529,300153,科泰电源,L,20101229
1530,300154,瑞凌股份,L,20101229
1531,300155,安居宝,L,20110107
1532,300156,神雾环保,L,20110107
1533,300157,恒泰艾普,L,20110107
1534,300158,振东制药,L,20110107
1535,300159,新研股份,L,20110107
1536,300160,秀强股份,L,20110113
1537,300161,华中数控,L,20110113
1538,300162,雷曼股份,L,20110113
1539,300163,先锋新材,L,20110113
1540,300164,通源石油,L,20110113
1541,300165,天瑞仪器,L,20110125
1542,300166,东方国信,L,20110125
1543,300167,迪威迅,L,20110125
1544,300168,万达信息,L,20110125
1545,300169,天晟新材,L,20110125
1546,300170,汉得信息,L,20110201
1547,300171,东富龙,L,20110201
1548,300172,中电环保,L,20110201
1549,300173,智慧松德,L,20110201
1550,300174,元力股份,L,20110201
1551,300175,朗源股份,L,20110215
1552,300176,鸿特科技,L,20110215
1553,300177,中海达,L,20110215
1554,300178,腾邦国际,L,20110215
1555,300179,四方达,L,20110215
1556,300180,华峰超纤,L,20110222
1557,300181,佐力药业,L,20110222
1558,300182,捷成股份,L,20110222
1559,300183,东软载波,L,20110222
1560,300184,力源信息,L,20110222
1561,300185,通裕重工,L,20110308
1562,300187,永清环保,L,20110308
1563,300188,美亚柏科,L,20110316
1564,300189,神农基因,L,20110316
1565,300190,维尔利,L,20110316
1566,300191,潜能恒信,L,20110316
1567,300192,科斯伍德,L,20110322
1568,300193,佳士科技,L,20110322
1569,300194,福安药业,L,20110322
1570,300195,长荣股份,L,20110329
1571,300196,长海股份,L,20110329
1572,300197,铁汉生态,L,20110329
1573,300198,纳川股份,L,20110407
1574,300199,翰宇药业,L,20110407
1575,300200,高盟新材,L,20110407
1576,300201,海伦哲,L,20110407
1577,300202,聚龙股份,L,20110415
1578,300203,聚光科技,L,20110415
1579,300204,舒泰神,L,20110415
1580,300205,天喻信息,L,20110421
1581,300206,理邦仪器,L,20110421
1582,300207,欣旺达,L,20110421
1583,300208,恒顺众昇,L,20110426
1584,300209,天泽信息,L,20110426
1585,300210,森远股份,L,20110426
1586,300211,亿通科技,L,20110505
1587,300212,易华录,L,20110505
1588,300213,佳讯飞鸿,L,20110505
1589,300214,日科化学,L,20110511
1590,300215,电科院,L,20110511
1591,300216,千山药机,L,20110511
1592,300217,东方电热,L,20110518
1593,300218,安利股份,L,20110518
1594,300219,鸿利智汇,L,20110518
1595,300220,金运激光,L,20110525
1596,300221,银禧科技,L,20110525
1597,300222,科大智能,L,20110525
1598,300223,北京君正,L,20110531
1599,300224,正海磁材,L,20110531
1600,300225,金力泰,L,20110531
1601,300226,上海钢联,L,20110608
1602,300227,光韵达,L,20110608
1603,300228,富瑞特装,L,20110608
1604,300229,拓尔思,L,20110615
1605,300230,永利股份,L,20110615
1606,300231,银信科技,L,20110615
1607,300232,洲明科技,L,20110622
1608,300233,金城医药,L,20110622
1609,300234,开尔新材,L,20110622
1610,300235,方直科技,L,20110629
1611,300236,上海新阳,L,20110629
1612,300237,美晨生态,L,20110629
1613,300238,冠昊生物,L,20110706
1614,300239,东宝生物,L,20110706
1615,300240,飞力达,L,20110706
1616,300241,瑞丰光电,L,20110712
1617,300242,佳云科技,L,20110712
1618,300243,瑞丰高材,L,20110712
1619,300244,迪安诊断,L,20110719
1620,300245,天玑科技,L,20110719
1621,300246,宝莱特,L,20110719
1622,300247,乐金健康,L,20110729
1623,300248,新开普,L,20110729
1624,300249,依米康,L,20110803
1625,300250,初灵信息,L,20110803
1626,300251,光线传媒,L,20110803
1627,300252,金信诺,L,20110818
1628,300253,卫宁健康,L,20110818
1629,300254,仟源医药,L,20110819
1630,300255,常山药业,L,20110819
1631,300256,星星科技,L,20110819
1632,300257,开山股份,L,20110819
1633,300258,精锻科技,L,20110826
1634,300259,新天科技,L,20110831
1635,300260,新莱应材,L,20110906
1636,300261,雅本化学,L,20110906
1637,300262,巴安水务,L,20110916
1638,300263,隆华节能,L,20110916
1639,300264,佳创视讯,L,20110916
1640,300265,通光线缆,L,20110916
1641,300266,兴源环境,L,20110927
1642,300267,尔康制药,L,20110927
1643,300268,佳沃股份,L,20110927
1644,300269,联建光电,L,20111012
1645,300270,中威电子,L,20111012
1646,300271,华宇软件,L,20111026
1647,300272,开能健康,L,20111102
1648,300273,和佳股份,L,20111026
1649,300274,阳光电源,L,20111102
1650,300275,梅安森,L,20111102
1651,300276,三丰智能,L,20111115
1652,300277,海联讯,L,20111123
1653,300278,华昌达,L,20111216
1654,300279,和晶科技,L,20111229
1655,300280,紫天科技,L,20111229
1656,300281,金明精机,L,20111229
1657,300282,三盛教育,L,20111229
1658,300283,温州宏丰,L,20120110
1659,300284,苏交科,L,20120110
1660,300285,国瓷材料,L,20120113
1661,300286,安科瑞,L,20120113
1662,300287,飞利信,L,20120201
1663,300288,朗玛信息,L,20120216
1664,300289,利德曼,L,20120216
1665,300290,荣科科技,L,20120216
1666,300291,华录百纳,L,20120209
1667,300292,吴通控股,L,20120229
1668,300293,蓝英装备,L,20120308
1669,300294,博雅生物,L,20120308
1670,300295,三六五网,L,20120315
1671,300296,利亚德,L,20120315
1672,300297,蓝盾股份,L,20120315
1673,300298,三诺生物,L,20120319
1674,300299,富春股份,L,20120319
1675,300300,汉鼎宇佑,L,20120319
1676,300301,长方集团,L,20120321
1677,300302,同有科技,L,20120321
1678,300303,聚飞光电,L,20120319
1679,300304,云意电气,L,20120321
1680,300305,裕兴股份,L,20120329
1681,300306,远方信息,L,20120329
1682,300307,慈星股份,L,20120329
1683,300308,中际旭创,L,20120410
1684,300309,吉艾科技,L,20120410
1685,300310,宜通世纪,L,20120425
1686,300311,任子行,L,20120425
1687,300312,邦讯技术,L,20120508
1688,300313,天山生物,L,20120425
1689,300314,戴维医疗,L,20120508
1690,300315,掌趣科技,L,20120511
1691,300316,晶盛机电,L,20120511
1692,300317,珈伟股份,L,20120511
1693,300318,博晖创新,L,20120523
1694,300319,麦捷科技,L,20120523
1695,300320,海达股份,L,20120601
1696,300321,同大股份,L,20120523
1697,300322,硕贝德,L,20120608
1698,300323,华灿光电,L,20120601
1699,300324,旋极信息,L,20120608
1700,300325,德威新材,L,20120601
1701,300326,凯利泰,L,20120613
1702,300327,中颖电子,L,20120613
1703,300328,宜安科技,L,20120619
1704,300329,海伦钢琴,L,20120619
1705,300330,华虹计通,L,20120619
1706,300331,苏大维格,L,20120628
1707,300332,天壕环境,L,20120628
1708,300333,兆日科技,L,20120628
1709,300334,津膜科技,L,20120705
1710,300335,迪森股份,L,20120710
1711,300336,新文化,L,20120710
1712,300337,银邦股份,L,20120718
1713,300338,开元股份,L,20120726
1714,300339,润和软件,L,20120718
1715,300340,科恒股份,L,20120726
1716,300341,麦迪电气,L,20120726
1717,300342,天银机电,L,20120726
1718,300343,联创互联,L,20120801
1719,300344,太空智造,L,20120801
1720,300345,红宇新材,L,20120801
1721,300346,南大光电,L,20120807
1722,300347,泰格医药,L,20120817
1723,300348,长亮科技,L,20120817
1724,300349,金卡智能,L,20120817
1725,300350,华鹏飞,L,20120821
1726,300351,永贵电器,L,20120920
1727,300352,北信源,L,20120912
1728,300353,东土科技,L,20120927
1729,300354,东华测试,L,20120920
1730,300355,蒙草生态,L,20120927
1731,300356,光一科技,L,20121009
1732,300357,我武生物,L,20140121
1733,300358,楚天科技,L,20140121
1734,300359,全通教育,L,20140121
1735,300360,炬华科技,L,20140121
1736,300362,天翔环境,L,20140121
1737,300363,博腾股份,L,20140129
1738,300364,中文在线,L,20150121
1739,300365,恒华科技,L,20140123
1740,300366,创意信息,L,20140127
1741,300367,东方网力,L,20140129
1742,300368,汇金股份,L,20140123
1743,300369,绿盟科技,L,20140129
1744,300370,安控科技,L,20140123
1745,300371,汇中股份,L,20140123
1746,300373,扬杰科技,L,20140123
1747,300374,恒通科技,L,20150319
1748,300375,鹏翎股份,L,20140127
1749,300376,易事特,L,20140127
1750,300377,赢时胜,L,20140127
1751,300378,鼎捷软件,L,20140127
1752,300379,东方通,L,20140128
1753,300380,安硕信息,L,20140128
1754,300381,溢多利,L,20140128
1755,300382,斯莱克,L,20140129
1756,300383,光环新网,L,20140129
1757,300384,三联虹普,L,20140801
1758,300385,雪浪环境,L,20140626
1759,300386,飞天诚信,L,20140626
1760,300387,富邦股份,L,20140702
1761,300388,国祯环保,L,20140801
1762,300389,艾比森,L,20140801
1763,300390,天华超净,L,20140731
1764,300391,康跃科技,L,20140801
1765,300392,腾信股份,L,20140910
1766,300393,中来股份,L,20140912
1767,300394,天孚通信,L,20150217
1768,300395,菲利华,L,20140910
1769,300396,迪瑞医疗,L,20140910
1770,300397,天和防务,L,20140910
1771,300398,飞凯材料,L,20141009
1772,300399,京天利,L,20141009
1773,300400,劲拓股份,L,20141010
1774,300401,花园生物,L,20141009
1775,300402,宝色股份,L,20141010
1776,300403,地尔汉宇,L,20141030
1777,300404,博济医药,L,20150424
1778,300405,科隆股份,L,20141030
1779,300406,九强生物,L,20141030
1780,300407,凯发电气,L,20141203
1781,300408,三环集团,L,20141203
1782,300409,道氏技术,L,20141203
1783,300410,正业科技,L,20141231
1784,300411,金盾股份,L,20141231
1785,300412,迦南科技,L,20141231
1786,300413,芒果超媒,L,20150121
1787,300414,中光防雷,L,20150513
1788,300415,伊之密,L,20150123
1789,300416,苏试试验,L,20150122
1790,300417,南华仪器,L,20150123
1791,300418,昆仑万维,L,20150121
1792,300419,浩丰科技,L,20150122
1793,300420,五洋停车,L,20150217
1794,300421,力星股份,L,20150217
1795,300422,博世科,L,20150217
1796,300423,鲁亿通,L,20150217
1797,300424,航新科技,L,20150422
1798,300425,环能科技,L,20150216
1799,300426,唐德影视,L,20150217
1800,300427,红相股份,L,20150217
1801,300428,四通新材,L,20150319
1802,300429,强力新材,L,20150324
1803,300430,诚益通,L,20150319
1804,300431,暴风集团,L,20150324
1805,300432,富临精工,L,20150319
1806,300433,蓝思科技,L,20150318
1807,300434,金石东方,L,20150424
1808,300435,中泰股份,L,20150326
1809,300436,广生堂,L,20150422
1810,300437,清水源,L,20150423
1811,300438,鹏辉能源,L,20150424
1812,300439,美康生物,L,20150422
1813,300440,运达科技,L,20150423
1814,300441,鲍斯股份,L,20150423
1815,300442,普丽盛,L,20150424
1816,300443,金雷风电,L,20150422
1817,300444,双杰电气,L,20150423
1818,300445,康斯特,L,20150424
1819,300446,乐凯新材,L,20150423
1820,300447,全信股份,L,20150422
1821,300448,浩云科技,L,20150424
1822,300449,汉邦高科,L,20150422
1823,300450,先导智能,L,20150518
1824,300451,创业软件,L,20150514
1825,300452,山河药辅,L,20150515
1826,300453,三鑫医疗,L,20150515
1827,300454,深信服,L,20180516
1828,300455,康拓红外,L,20150515
1829,300456,耐威科技,L,20150514
1830,300457,赢合科技,L,20150514
1831,300458,全志科技,L,20150515
1832,300459,金科文化,L,20150515
1833,300460,惠伦晶体,L,20150515
1834,300461,田中精机,L,20150519
1835,300462,华铭智能,L,20150527
1836,300463,迈克生物,L,20150528
1837,300464,星徽精密,L,20150610
1838,300465,高伟达,L,20150528
1839,300466,赛摩电气,L,20150528
1840,300467,迅游科技,L,20150527
1841,300468,四方精创,L,20150527
1842,300469,信息发展,L,20150611
1843,300470,日机密封,L,20150612
1844,300471,厚普股份,L,20150611
1845,300472,新元科技,L,20150611
1846,300473,德尔股份,L,20150612
1847,300474,景嘉微,L,20160331
1848,300475,聚隆科技,L,20150610
1849,300476,胜宏科技,L,20150611
1850,300477,合纵科技,L,20150610
1851,300478,杭州高新,L,20150610
1852,300479,神思电子,L,20150612
1853,300480,光力科技,L,20150702
1854,300481,濮阳惠成,L,20150630
1855,300482,万孚生物,L,20150630
1856,300483,沃施股份,L,20150630
1857,300484,蓝海华腾,L,20160322
1858,300485,赛升药业,L,20150626
1859,300486,东杰智能,L,20150630
1860,300487,蓝晓科技,L,20150702
1861,300488,恒锋工具,L,20150701
1862,300489,中飞股份,L,20150701
1863,300490,华自科技,L,20151231
1864,300491,通合科技,L,20151231
1865,300492,山鼎设计,L,20151223
1866,300493,润欣科技,L,20151210
1867,300494,盛天网络,L,20151231
1868,300495,美尚生态,L,20151222
1869,300496,中科创达,L,20151210
1870,300497,富祥股份,L,20151222
1871,300498,温氏股份,L,20151102
1872,300499,高澜股份,L,20160202
1873,300500,启迪设计,L,20160204
1874,300501,海顺新材,L,20160204
1875,300502,新易盛,L,20160303
1876,300503,昊志机电,L,20160309
1877,300504,天邑股份,L,20180330
1878,300505,川金诺,L,20160315
1879,300506,名家汇,L,20160324
1880,300507,苏奥传感,L,20160429
1881,300508,维宏股份,L,20160419
1882,300509,新美星,L,20160425
1883,300510,金冠股份,L,20160506
1884,300511,雪榕生物,L,20160504
1885,300512,中亚股份,L,20160526
1886,300513,恒泰实达,L,20160530
1887,300514,友讯达,L,20170426
1888,300515,三德科技,L,20160608
1889,300516,久之洋,L,20160602
1890,300517,海波重科,L,20160719
1891,300518,盛讯达,L,20160624
1892,300519,新光药业,L,20160624
1893,300520,科大国创,L,20160708
1894,300521,爱司凯,L,20160705
1895,300522,世名科技,L,20160705
1896,300523,辰安科技,L,20160726
1897,300525,博思软件,L,20160726
1898,300526,中潜股份,L,20160802
1899,300527,中国应急,L,20160805
1900,300528,幸福蓝海,L,20160808
1901,300529,健帆生物,L,20160802
1902,300530,达志科技,L,20160809
1903,300531,优博讯,L,20160809
1904,300532,今天国际,L,20160818
1905,300533,冰川网络,L,20160818
1906,300534,陇神戎发,L,20160913
1907,300535,达威股份,L,20160812
1908,300536,农尚环境,L,20160920
1909,300537,广信材料,L,20160830
1910,300538,同益股份,L,20160826
1911,300539,横河模具,L,20160830
1912,300540,深冷股份,L,20160823
1913,300541,先进数通,L,20160913
1914,300542,新晨科技,L,20160920
1915,300543,朗科智能,L,20160908
1916,300545,联得装备,L,20160928
1917,300546,雄帝科技,L,20160928
1918,300547,川环科技,L,20160930
1919,300548,博创科技,L,20161012
1920,300549,优德精密,L,20160930
1921,300550,和仁科技,L,20161018
1922,300551,古鳌科技,L,20161018
1923,300552,万集科技,L,20161021
1924,300553,集智股份,L,20161021
1925,300554,三超新材,L,20170421
1926,300555,路通视信,L,20161018
1927,300556,丝路视觉,L,20161104
1928,300557,理工光科,L,20161101
1929,300558,贝达药业,L,20161107
1930,300559,佳发教育,L,20161101
1931,300560,中富通,L,20161101
1932,300561,汇金科技,L,20161117
1933,300562,乐心医疗,L,20161116
1934,300563,神宇股份,L,20161114
1935,300565,科信技术,L,20161122
1936,300566,激智科技,L,20161115
1937,300567,精测电子,L,20161122
1938,300568,星源材质,L,20161201
1939,300569,天能重工,L,20161125
1940,300570,太辰光,L,20161206
1941,300571,平治信息,L,20161213
1942,300572,安车检测,L,20161206
1943,300573,兴齐眼药,L,20161208
1944,300575,中旗股份,L,20161220
1945,300576,容大感光,L,20161220
1946,300577,开润股份,L,20161221
1947,300578,会畅通讯,L,20170125
1948,300579,数字认证,L,20161223
1949,300580,贝斯特,L,20170111
1950,300581,晨曦航空,L,20161220
1951,300582,英飞特,L,20161228
1952,300583,赛托生物,L,20170106
1953,300584,海辰药业,L,20170112
1954,300585,奥联电子,L,20161229
1955,300586,美联新材,L,20170104
1956,300587,天铁股份,L,20170105
1957,300588,熙菱信息,L,20170105
1958,300589,江龙船艇,L,20170113
1959,300590,移为通信,L,20170111
1960,300591,万里马,L,20170110
1961,300592,华凯创意,L,20170120
1962,300593,新雷能,L,20170113
1963,300595,欧普康视,L,20170117
1964,300596,利安隆,L,20170119
1965,300597,吉大通信,L,20170123
1966,300598,诚迈科技,L,20170120
1967,300599,雄塑科技,L,20170123
1968,300600,瑞特股份,L,20170125
1969,300601,康泰生物,L,20170207
1970,300602,飞荣达,L,20170126
1971,300603,立昂技术,L,20170126
1972,300604,长川科技,L,20170417
1973,300605,恒锋信息,L,20170208
1974,300606,金太阳,L,20170208
1975,300607,拓斯达,L,20170209
1976,300608,思特奇,L,20170213
1977,300609,汇纳科技,L,20170215
1978,300610,晨化股份,L,20170213
1979,300611,美力科技,L,20170220
1980,300612,宣亚国际,L,20170215
1981,300613,富瀚微,L,20170220
1982,300615,欣天科技,L,20170215
1983,300616,尚品宅配,L,20170307
1984,300617,安靠智电,L,20170228
1985,300618,寒锐钴业,L,20170306
1986,300619,金银河,L,20170301
1987,300620,光库科技,L,20170310
1988,300621,维业股份,L,20170316
1989,300622,博士眼镜,L,20170315
1990,300623,捷捷微电,L,20170314
1991,300624,万兴科技,L,20180118
1992,300625,三雄极光,L,20170317
1993,300626,华瑞股份,L,20170320
1994,300627,华测导航,L,20170321
1995,300628,亿联网络,L,20170317
1996,300629,新劲刚,L,20170324
1997,300630,普利制药,L,20170328
1998,300631,久吾高科,L,20170323
1999,300632,光莆股份,L,20170406
2000,300633,开立医疗,L,20170406
2001,300634,彩讯股份,L,20180323
2002,300635,达安股份,L,20170331
2003,300636,同和药业,L,20170331
2004,300637,扬帆新材,L,20170412
2005,300638,广和通,L,20170413
2006,300639,凯普生物,L,20170412
2007,300640,德艺文创,L,20170417
2008,300641,正丹股份,L,20170418
2009,300642,透景生命,L,20170421
2010,300643,万通智控,L,20170505
2011,300644,南京聚隆,L,20180206
2012,300645,正元智慧,L,20170421
2013,300647,超频三,L,20170503
2014,300648,星云股份,L,20170425
2015,300649,杭州园林,L,20170505
2016,300650,太龙照明,L,20170503
2017,300651,金陵体育,L,20170509
2018,300652,雷迪克,L,20170516
2019,300653,正海生物,L,20170516
2020,300654,世纪天鸿,L,20170926
2021,300655,晶瑞股份,L,20170523
2022,300656,民德电子,L,20170519
2023,300657,弘信电子,L,20170523
2024,300658,延江股份,L,20170602
2025,300659,中孚信息,L,20170526
2026,300660,江苏雷利,L,20170602
2027,300661,圣邦股份,L,20170606
2028,300662,科锐国际,L,20170608
2029,300663,科蓝软件,L,20170608
2030,300664,鹏鹞环保,L,20180105
2031,300665,飞鹿股份,L,20170613
2032,300666,江丰电子,L,20170615
2033,300667,必创科技,L,20170619
2034,300668,杰恩设计,L,20170619
2035,300669,沪宁股份,L,20170629
2036,300670,大烨智能,L,20170703
2037,300671,富满电子,L,20170705
2038,300672,国科微,L,20170712
2039,300673,佩蒂股份,L,20170711
2040,300675,建科院,L,20170719
2041,300676,华大基因,L,20170714
2042,300677,英科医疗,L,20170721
2043,300678,中科信息,L,20170728
2044,300679,电连技术,L,20170731
2045,300680,隆盛科技,L,20170725
2046,300681,英搏尔,L,20170725
2047,300682,朗新科技,L,20170801
2048,300683,海特生物,L,20170808
2049,300684,中石科技,L,20171227
2050,300685,艾德生物,L,20170802
2051,300686,智动力,L,20170804
2052,300687,赛意信息,L,20170803
2053,300688,创业黑马,L,20170810
2054,300689,澄天伟业,L,20170809
2055,300690,双一科技,L,20170808
2056,300691,联合光电,L,20170811
2057,300692,中环环保,L,20170821
2058,300693,盛弘股份,L,20170822
2059,300695,兆丰股份,L,20170908
2060,300696,爱乐达,L,20170822
2061,300697,电工合金,L,20170907
2062,300698,万马科技,L,20170831
2063,300699,光威复材,L,20170901
2064,300700,岱勒新材,L,20170912
2065,300701,森霸传感,L,20170915
2066,300702,天宇股份,L,20170919
2067,300703,创源文化,L,20170919
2068,300705,九典制药,L,20171010
2069,300706,阿石创,L,20170926
2070,300707,威唐工业,L,20171010
2071,300708,聚灿光电,L,20171016
2072,300709,精研科技,L,20171019
2073,300710,万隆光电,L,20171019
2074,300711,广哈通信,L,20171101
2075,300712,永福股份,L,20171031
2076,300713,英可瑞,L,20171101
2077,300715,凯伦股份,L,20171026
2078,300716,国立科技,L,20171109
2079,300717,华信新材,L,20171106
2080,300718,长盛轴承,L,20171106
2081,300719,安达维尔,L,20171109
2082,300720,海川智能,L,20171106
2083,300721,怡达股份,L,20171115
2084,300722,新余国科,L,20171110
2085,300723,一品红,L,20171116
2086,300724,捷佳伟创,L,20180810
2087,300725,药石科技,L,20171110
2088,300726,宏达电子,L,20171121
2089,300727,润禾材料,L,20171127
2090,300729,乐歌股份,L,20171201
2091,300730,科创信息,L,20171205
2092,300731,科创新源,L,20171208
2093,300732,设研院,L,20171212
2094,300733,西菱动力,L,20180116
2095,300735,光弘科技,L,20171229
2096,300736,百华悦邦,L,20180109
2097,300737,科顺股份,L,20180125
2098,300738,奥飞数据,L,20180119
2099,300739,明阳电路,L,20180201
2100,300740,御家汇,L,20180208
2101,300741,华宝股份,L,20180301
2102,300742,越博动力,L,20180508
2103,300743,天地数码,L,20180427
2104,300745,欣锐科技,L,20180523
2105,300746,汉嘉设计,L,20180525
2106,300747,锐科激光,L,20180625
2107,300750,宁德时代,L,20180611
2108,600000,浦发银行,L,19991110
2109,600004,白云机场,L,20030428
2110,600006,东风汽车,L,19990727
2111,600007,中国国贸,L,19990312
2112,600008,首创股份,L,20000427
2113,600009,上海机场,L,19980218
2114,600010,包钢股份,L,20010309
2115,600011,华能国际,L,20011206
2116,600012,皖通高速,L,20030107
2117,600015,华夏银行,L,20030912
2118,600016,民生银行,L,20001219
2119,600017,日照港,L,20061017
2120,600018,上港集团,L,20061026
2121,600019,宝钢股份,L,20001212
2122,600020,中原高速,L,20030808
2123,600021,上海电力,L,20031029
2124,600022,山东钢铁,L,20040629
2125,600023,浙能电力,L,20131219
2126,600025,华能水电,L,20171215
2127,600026,中远海能,L,20020523
2128,600027,华电国际,L,20050203
2129,600028,中国石化,L,20010808
2130,600029,南方航空,L,20030725
2131,600030,中信证券,L,20030106
2132,600031,三一重工,L,20030703
2133,600033,福建高速,L,20010209
2134,600035,楚天高速,L,20040310
2135,600036,招商银行,L,20020409
2136,600037,歌华有线,L,20010208
2137,600038,中直股份,L,20001218
2138,600039,四川路桥,L,20030325
2139,600048,保利地产,L,20060731
2140,600050,中国联通,L,20021009
2141,600051,宁波联合,L,19970410
2142,600052,浙江广厦,L,19970415
2143,600053,九鼎投资,L,19970418
2144,600054,黄山旅游,L,19970506
2145,600055,万东医疗,L,19970519
2146,600056,中国医药,L,19970515
2147,600057,厦门象屿,L,19970604
2148,600058,五矿发展,L,19970528
2149,600059,古越龙山,L,19970516
2150,600060,海信电器,L,19970422
2151,600061,国投资本,L,19970519
2152,600062,华润双鹤,L,19970522
2153,600063,皖维高新,L,19970528
2154,600064,南京高科,L,19970506
2155,600066,宇通客车,L,19970508
2156,600067,冠城大通,L,19970508
2157,600068,葛洲坝,L,19970526
2158,600069,银鸽投资,L,19970430
2159,600070,浙江富润,L,19970604
2160,600071,凤凰光学,L,19970528
2161,600072,中船科技,L,19970603
2162,600073,上海梅林,L,19970704
2163,600074,*ST保千,L,19970623
2164,600075,新疆天业,L,19970617
2165,600076,康欣新材,L,19970526
2166,600077,宋都股份,L,19970520
2167,600078,澄星股份,L,19970627
2168,600079,人福医药,L,19970606
2169,600080,金花股份,L,19970612
2170,600081,东风科技,L,19970703
2171,600082,海泰发展,L,19970620
2172,600083,博信股份,L,19970606
2173,600084,中葡股份,L,19970711
2174,600085,同仁堂,L,19970625
2175,600086,东方金钰,L,19970606
2176,600088,中视传媒,L,19970616
2177,600089,特变电工,L,19970618
2178,600090,同济堂,L,19970616
2179,600091,ST明科,L,19970704
2180,600093,易见股份,L,19970626
2181,600094,大名城,L,19970703
2182,600095,哈高科,L,19970708
2183,600096,云天化,L,19970709
2184,600097,开创国际,L,19970619
2185,600098,广州发展,L,19970718
2186,600099,林海股份,L,19970704
2187,600100,同方股份,L,19970627
2188,600101,明星电力,L,19970627
2189,600103,青山纸业,L,19970703
2190,600104,上汽集团,L,19971125
2191,600105,永鼎股份,L,19970929
2192,600106,重庆路桥,L,19970618
2193,600107,美尔雅,L,19971106
2194,600108,亚盛集团,L,19970818
2195,600109,国金证券,L,19970807
2196,600110,诺德股份,L,19971007
2197,600111,北方稀土,L,19970924
2198,600112,天成控股,L,19971127
2199,600113,浙江东日,L,19971021
2200,600114,东睦股份,L,20040511
2201,600115,东方航空,L,19971105
2202,600116,三峡水利,L,19970804
2203,600117,西宁特钢,L,19971015
2204,600118,中国卫星,L,19970908
2205,600119,长江投资,L,19980115
2206,600120,浙江东方,L,19971201
2207,600121,郑州煤电,L,19980107
2208,600122,宏图高科,L,19980420
2209,600123,兰花科创,L,19981217
2210,600125,铁龙物流,L,19980511
2211,600126,杭钢股份,L,19980311
2212,600127,金健米业,L,19980506
2213,600128,弘业股份,L,19970901
2214,600129,太极集团,L,19971118
2215,600130,波导股份,L,20000706
2216,600131,岷江水电,L,19980402
2217,600132,重庆啤酒,L,19971030
2218,600133,东湖高新,L,19980212
2219,600135,乐凯胶片,L,19980122
2220,600136,当代明诚,L,19980303
2221,600137,浪莎股份,L,19980416
2222,600138,中青旅,L,19971203
2223,600139,西部资源,L,19980225
2224,600141,兴发集团,L,19990616
2225,600143,金发科技,L,20040623
2226,600145,*ST新亿,L,19990923
2227,600146,商赢环球,L,19990707
2228,600148,长春一东,L,19980520
2229,600149,ST坊展,L,19991014
2230,600150,*ST船舶,L,19980520
2231,600151,航天机电,L,19980605
2232,600152,维科技术,L,19980609
2233,600153,建发股份,L,19980616
2234,600155,华创阳安,L,19980918
2235,600156,华升股份,L,19980527
2236,600157,永泰能源,L,19980513
2237,600158,中体产业,L,19980327
2238,600159,大龙地产,L,19980526
2239,600160,巨化股份,L,19980626
2240,600161,天坛生物,L,19980616
2241,600162,香江控股,L,19980609
2242,600163,中闽能源,L,19980602
2243,600165,新日恒力,L,19980529
2244,600166,福田汽车,L,19980602
2245,600167,联美控股,L,19990128
2246,600168,武汉控股,L,19980427
2247,600169,太原重工,L,19980904
2248,600170,上海建工,L,19980623
2249,600171,上海贝岭,L,19980924
2250,600172,黄河旋风,L,19981126
2251,600173,卧龙地产,L,19990415
2252,600175,美都能源,L,19990408
2253,600176,中国巨石,L,19990422
2254,600177,雅戈尔,L,19981119
2255,600178,东安动力,L,19981014
2256,600179,安通控股,L,19981104
2257,600180,瑞茂通,L,19980703
2258,600182,S佳通,L,19990507
2259,600183,生益科技,L,19981028
2260,600184,光电股份,L,20031106
2261,600185,格力地产,L,19990611
2262,600186,莲花健康,L,19980825
2263,600187,国中水务,L,19981111
2264,600188,兖州煤业,L,19980701
2265,600189,吉林森工,L,19981007
2266,600190,锦州港,L,19990609
2267,600191,华资实业,L,19981210
2268,600192,长城电工,L,19981224
2269,600193,*ST创兴,L,19990527
2270,600195,中牧股份,L,19990107
2271,600196,复星医药,L,19980807
2272,600197,伊力特,L,19990916
2273,600198,*ST大唐,L,19981021
2274,600199,金种子酒,L,19980812
2275,600200,江苏吴中,L,19990401
2276,600201,生物股份,L,19990115
2277,600202,*ST哈空,L,19990603
2278,600203,福日电子,L,19990514
2279,600206,有研新材,L,19990319
2280,600207,安彩高科,L,19990714
2281,600208,新湖中宝,L,19990623
2282,600209,*ST罗顿,L,19990325
2283,600210,紫江企业,L,19990824
2284,600211,西藏药业,L,19990721
2285,600212,江泉实业,L,19990817
2286,600213,亚星客车,L,19990831
2287,600215,长春经开,L,19990909
2288,600216,浙江医药,L,19991021
2289,600217,中再资环,L,19991216
2290,600218,全柴动力,L,19981203
2291,600219,南山铝业,L,19991223
2292,600220,江苏阳光,L,19990927
2293,600221,海航控股,L,19991125
2294,600222,太龙药业,L,19991105
2295,600223,鲁商置业,L,20000113
2296,600225,天津松江,L,20000127
2297,600226,瀚叶股份,L,19991116
2298,600227,圣济堂,L,20000221
2299,600228,ST昌九,L,19990119
2300,600229,城市传媒,L,20000309
2301,600230,沧州大化,L,20000406
2302,600231,凌钢股份,L,20000511
2303,600232,金鹰股份,L,20000602
2304,600233,圆通速递,L,20000608
2305,600234,ST山水,L,20000615
2306,600235,民丰特纸,L,20000615
2307,600236,桂冠电力,L,20000323
2308,600237,铜峰电子,L,20000609
2309,600238,*ST椰岛,L,20000120
2310,600239,云南城投,L,19991202
2311,600240,华业资本,L,20000628
2312,600241,时代万恒,L,20001128
2313,600242,中昌数据,L,20001207
2314,600243,青海华鼎,L,20001120
2315,600246,万通地产,L,20000922
2316,600247,*ST成城,L,20001123
2317,600248,延长化建,L,20000622
2318,600249,两面针,L,20040130
2319,600250,南纺股份,L,20010306
2320,600251,冠农股份,L,20030609
2321,600252,中恒集团,L,20001130
2322,600255,梦舟股份,L,20001122
2323,600256,广汇能源,L,20000526
2324,600257,大湖股份,L,20000612
2325,600258,首旅酒店,L,20000601
2326,600259,广晟有色,L,20000525
2327,600260,凯乐科技,L,20000706
2328,600261,阳光照明,L,20000720
2329,600262,北方股份,L,20000630
2330,600265,ST景谷,L,20000825
2331,600266,北京城建,L,19990203
2332,600267,海正药业,L,20000725
2333,600268,国电南自,L,19991118
2334,600269,赣粤高速,L,20000518
2335,600270,外运发展,L,20001228
2336,600271,航天信息,L,20030711
2337,600272,开开实业,L,20010228
2338,600273,嘉化能源,L,20030627
2339,600275,ST昌鱼,L,20000810
2340,600276,恒瑞医药,L,20001018
2341,600277,亿利洁能,L,20000725
2342,600278,东方创业,L,20000712
2343,600279,重庆港九,L,20000731
2344,600280,中央商场,L,20000926
2345,600281,太化股份,L,20001109
2346,600282,南钢股份,L,20000919
2347,600283,钱江水利,L,20001018
2348,600284,浦东建设,L,20040316
2349,600285,羚锐制药,L,20001018
2350,600287,江苏舜天,L,20000901
2351,600288,大恒科技,L,20001129
2352,600289,*ST信通,L,20000720
2353,600290,华仪电气,L,20001106
2354,600291,西水股份,L,20000731
2355,600292,远达环保,L,20001101
2356,600293,三峡新材,L,20000919
2357,600295,鄂尔多斯,L,20010426
2358,600297,广汇汽车,L,20001116
2359,600298,安琪酵母,L,20000818
2360,600299,安迪苏,L,20000420
2361,600300,维维股份,L,20000630
2362,600301,ST南化,L,20000712
2363,600302,标准股份,L,20001213
2364,600303,曙光股份,L,20001226
2365,600305,恒顺醋业,L,20010206
2366,600306,商业城,L,20001226
2367,600307,酒钢宏兴,L,20001220
2368,600308,华泰股份,L,20000928
2369,600309,万华化学,L,20010105
2370,600310,桂东电力,L,20010228
2371,600311,荣华实业,L,20010626
2372,600312,平高电气,L,20010221
2373,600313,农发种业,L,20010119
2374,600315,上海家化,L,20010315
2375,600316,洪都航空,L,20001215
2376,600317,营口港,L,20020131
2377,600318,新力金融,L,20001208
2378,600319,亚星化学,L,20010326
2379,600320,振华重工,L,20001221
2380,600321,*ST正源,L,20010524
2381,600322,天房发展,L,20010910
2382,600323,瀚蓝环境,L,20001225
2383,600325,华发股份,L,20040225
2384,600326,西藏天路,L,20010116
2385,600327,大东方,L,20020625
2386,600328,兰太实业,L,20001222
2387,600329,中新药业,L,20010606
2388,600330,天通股份,L,20010118
2389,600331,宏达股份,L,20011220
2390,600332,白云山,L,20010206
2391,600333,长春燃气,L,20001211
2392,600335,国机汽车,L,20010305
2393,600336,澳柯玛,L,20001229
2394,600337,美克家居,L,20001127
2395,600338,西藏珠峰,L,20001227
2396,600339,中油工程,L,20001225
2397,600340,华夏幸福,L,20031230
2398,600343,航天动力,L,20030408
2399,600345,长江通信,L,20001222
2400,600346,恒力股份,L,20010820
2401,600348,阳泉煤业,L,20030821
2402,600350,山东高速,L,20020318
2403,600351,亚宝药业,L,20020926
2404,600352,浙江龙盛,L,20030801
2405,600353,旭光股份,L,20021120
2406,600354,敦煌种业,L,20040115
2407,600355,精伦电子,L,20020613
2408,600356,恒丰纸业,L,20010419
2409,600358,国旅联合,L,20000922
2410,600359,新农开发,L,19990429
2411,600360,华微电子,L,20010316
2412,600361,华联综超,L,20011129
2413,600362,江西铜业,L,20020111
2414,600363,联创光电,L,20010329
2415,600365,通葡股份,L,20010115
2416,600366,宁波韵升,L,20001030
2417,600367,红星发展,L,20010320
2418,600368,五洲交通,L,20001221
2419,600369,西南证券,L,20010109
2420,600370,三房巷,L,20030306
2421,600371,万向德农,L,20020916
2422,600372,中航电子,L,20010706
2423,600373,中文传媒,L,20020304
2424,600375,华菱星马,L,20030401
2425,600376,首开股份,L,20010312
2426,600377,宁沪高速,L,20010116
2427,600378,天科股份,L,20010111
2428,600379,宝光股份,L,20020116
2429,600380,健康元,L,20010608
2430,600381,青海春天,L,20010508
2431,600382,广东明珠,L,20010118
2432,600383,金地集团,L,20010412
2433,600385,山东金泰,L,20010723
2434,600386,北巴传媒,L,20010216
2435,600387,海越能源,L,20040218
2436,600388,龙净环保,L,20001229
2437,600389,江山股份,L,20010110
2438,600390,五矿资本,L,20010115
2439,600391,航发科技,L,20011212
2440,600392,盛和资源,L,20030529
2441,600393,粤泰股份,L,20010319
2442,600395,盘江股份,L,20010531
2443,600396,金山股份,L,20010328
2444,600397,*ST安煤,L,20020702
2445,600398,海澜之家,L,20001228
2446,600399,*ST抚钢,L,20001229
2447,600400,红豆股份,L,20010108
2448,600401,*ST海润,L,20030924
2449,600403,大有能源,L,20031009
2450,600405,动力源,L,20040401
2451,600406,国电南瑞,L,20031016
2452,600408,*ST安泰,L,20030212
2453,600409,三友化工,L,20030618
2454,600410,华胜天成,L,20040427
2455,600415,小商品城,L,20020509
2456,600416,湘电股份,L,20020718
2457,600418,江淮汽车,L,20010824
2458,600419,天润乳业,L,20010628
2459,600420,现代制药,L,20040616
2460,600421,ST仰帆,L,20040607
2461,600422,昆药集团,L,20001206
2462,600423,*ST柳化,L,20030717
2463,600425,青松建化,L,20030724
2464,600426,华鲁恒升,L,20020620
2465,600428,中远海特,L,20020418
2466,600429,三元股份,L,20030915
2467,600433,冠豪高新,L,20030619
2468,600435,北方导航,L,20030704
2469,600436,片仔癀,L,20030616
2470,600438,通威股份,L,20040302
2471,600439,瑞贝卡,L,20030710
2472,600444,国机通用,L,20040219
2473,600446,金证股份,L,20031224
2474,600448,华纺股份,L,20010903
2475,600449,宁夏建材,L,20030829
2476,600452,涪陵电力,L,20040303
2477,600455,博通股份,L,20040329
2478,600456,宝钛股份,L,20020412
2479,600458,时代新材,L,20021219
2480,600459,贵研铂业,L,20030516
2481,600460,士兰微,L,20030311
2482,600461,洪城水业,L,20040601
2483,600462,九有股份,L,20030903
2484,600463,空港股份,L,20040318
2485,600466,蓝光发展,L,20010212
2486,600467,好当家,L,20040405
2487,600468,百利电气,L,20010615
2488,600469,风神股份,L,20031021
2489,600470,六国化工,L,20040305
2490,600475,华光股份,L,20030721
2491,600476,湘邮科技,L,20031210
2492,600477,杭萧钢构,L,20031110
2493,600478,科力远,L,20030918
2494,600479,千金药业,L,20040312
2495,600480,凌云股份,L,20030815
2496,600481,双良节能,L,20030422
2497,600482,中国动力,L,20040714
2498,600483,福能股份,L,20040531
2499,600485,信威集团,L,20030807
2500,600486,扬农化工,L,20020425
2501,600487,亨通光电,L,20030822
2502,600488,天药股份,L,20010618
2503,600489,中金黄金,L,20030814
2504,600490,鹏欣资源,L,20030626
2505,600491,龙元建设,L,20040524
2506,600493,凤竹纺织,L,20040421
2507,600495,晋西车轴,L,20040526
2508,600496,精工钢构,L,20020605
2509,600497,驰宏锌锗,L,20040420
2510,600498,烽火通信,L,20010823
2511,600499,科达洁能,L,20021010
2512,600500,中化国际,L,20000301
2513,600501,航天晨光,L,20010615
2514,600502,安徽水利,L,20030415
2515,600503,华丽家族,L,20020709
2516,600505,西昌电力,L,20020530
2517,600506,香梨股份,L,20011226
2518,600507,方大特钢,L,20030930
2519,600508,上海能源,L,20010829
2520,600509,天富能源,L,20020228
2521,600510,黑牡丹,L,20020618
2522,600511,国药股份,L,20021127
2523,600512,腾达建设,L,20021226
2524,600513,联环药业,L,20030319
2525,600515,海航基础,L,20020806
2526,600516,方大炭素,L,20020830
2527,600517,置信电气,L,20031010
2528,600518,康美药业,L,20010319
2529,600519,贵州茅台,L,20010827
2530,600520,文一科技,L,20020108
2531,600521,华海药业,L,20030304
2532,600522,中天科技,L,20021024
2533,600523,贵航股份,L,20011227
2534,600525,长园集团,L,20021202
2535,600526,菲达环保,L,20020722
2536,600527,江南高纤,L,20031127
2537,600528,中铁工业,L,20010528
2538,600529,山东药玻,L,20020603
2539,600530,交大昂立,L,20010702
2540,600531,豫光金铅,L,20020730
2541,600532,宏达矿业,L,20021031
2542,600533,栖霞建设,L,20020328
2543,600535,天士力,L,20020823
2544,600536,中国软件,L,20020517
2545,600537,亿晶光电,L,20030123
2546,600538,国发股份,L,20030114
2547,600539,*ST狮头,L,20010824
2548,600540,新赛股份,L,20040107
2549,600543,莫高股份,L,20040324
2550,600545,卓郎智能,L,20031203
2551,600546,山煤国际,L,20030731
2552,600547,山东黄金,L,20030828
2553,600548,深高速,L,20011225
2554,600549,厦门钨业,L,20021107
2555,600550,保变电气,L,20010228
2556,600551,时代出版,L,20020905
2557,600552,凯盛科技,L,20021108
2558,600555,海航创新,L,20010328
2559,600556,ST慧球,L,20010807
2560,600557,康缘药业,L,20020918
2561,600558,大西洋,L,20010227
2562,600559,老白干酒,L,20021029
2563,600560,金自天正,L,20020919
2564,600561,江西长运,L,20020716
2565,600562,国睿科技,L,20030128
2566,600563,法拉电子,L,20021210
2567,600565,迪马股份,L,20020723
2568,600566,济川药业,L,20010822
2569,600567,山鹰纸业,L,20011218
2570,600568,中珠医疗,L,20010518
2571,600569,安阳钢铁,L,20010820
2572,600570,恒生电子,L,20031216
2573,600571,信雅达,L,20021101
2574,600572,康恩贝,L,20040412
2575,600573,惠泉啤酒,L,20030226
2576,600575,皖江物流,L,20030328
2577,600576,祥源文化,L,20030220
2578,600577,精达股份,L,20020911
2579,600578,京能电力,L,20020510
2580,600579,天华院,L,20020809
2581,600580,卧龙电气,L,20020606
2582,600581,八一钢铁,L,20020816
2583,600582,天地科技,L,20020515
2584,600583,海油工程,L,20020205
2585,600584,长电科技,L,20030603
2586,600585,海螺水泥,L,20020207
2587,600586,金晶科技,L,20020815
2588,600587,新华医疗,L,20020927
2589,600588,用友网络,L,20010518
2590,600589,广东榕泰,L,20010612
2591,600590,泰豪科技,L,20020703
2592,600592,龙溪股份,L,20020805
2593,600593,大连圣亚,L,20020711
2594,600594,益佰制药,L,20040323
2595,600595,中孚实业,L,20020626
2596,600596,新安股份,L,20010906
2597,600597,光明乳业,L,20020828
2598,600598,北大荒,L,20020329
2599,600599,熊猫金控,L,20010828
2600,600600,青岛啤酒,L,19930827
2601,600601,方正科技,L,19901219
2602,600602,云赛智联,L,19901219
2603,600603,广汇物流,L,19920113
2604,600604,市北高新,L,19920327
2605,600605,汇通能源,L,19920327
2606,600606,绿地控股,L,19920327
2607,600608,ST沪科,L,19920327
2608,600609,金杯汽车,L,19920724
2609,600610,*ST毅达,L,19920805
2610,600611,大众交通,L,19920807
2611,600612,老凤祥,L,19920814
2612,600613,神奇制药,L,19920820
2613,600614,鹏起科技,L,19920828
2614,600615,丰华股份,L,19920910
2615,600616,金枫酒业,L,19920929
2616,600617,国新能源,L,19921013
2617,600618,氯碱化工,L,19921113
2618,600619,海立股份,L,19921116
2619,600620,天宸股份,L,19921117
2620,600621,华鑫股份,L,19921202
2621,600622,光大嘉宝,L,19921203
2622,600623,华谊集团,L,19921204
2623,600624,复旦复华,L,19930105
2624,600626,申达股份,L,19930107
2625,600628,新世界,L,19930119
2626,600629,华建集团,L,19930209
2627,600630,龙头股份,L,19930209
2628,600633,浙数文化,L,19930304
2629,600634,*ST富控,L,19930304
2630,600635,大众公用,L,19930304
2631,600636,三爱富,L,19930316
2632,600637,东方明珠,L,19930316
2633,600638,新黄浦,L,19930326
2634,600639,浦东金桥,L,19930326
2635,600640,号百控股,L,19930407
2636,600641,万业企业,L,19930407
2637,600642,申能股份,L,19930416
2638,600643,爱建集团,L,19930426
2639,600644,乐山电力,L,19930426
2640,600645,中源协和,L,19930504
2641,600647,同达创业,L,19930504
2642,600648,外高桥,L,19930504
2643,600649,城投控股,L,19930518
2644,600650,锦江投资,L,19930607
2645,600651,飞乐音响,L,19901219
2646,600652,游久游戏,L,19901219
2647,600653,申华控股,L,19901219
2648,600654,ST中安,L,19901219
2649,600655,豫园股份,L,19920902
2650,600657,信达地产,L,19930524
2651,600658,电子城,L,19930524
2652,600660,福耀玻璃,L,19930610
2653,600661,新南洋,L,19930614
2654,600662,强生控股,L,19930614
2655,600663,陆家嘴,L,19930628
2656,600664,哈药股份,L,19930629
2657,600665,天地源,L,19930709
2658,600666,奥瑞德,L,19930712
2659,600667,太极实业,L,19930728
2660,600668,尖峰集团,L,19930728
2661,600671,天目药业,L,19930823
2662,600673,东阳光科,L,19930917
2663,600674,川投能源,L,19930924
2664,600675,中华企业,L,19930924
2665,600676,交运股份,L,19930928
2666,600677,航天通信,L,19930928
2667,600678,四川金顶,L,19931008
2668,600679,上海凤凰,L,19931008
2669,600680,*ST上普,L,19931018
2670,600681,百川能源,L,19931018
2671,600682,南京新百,L,19931018
2672,600683,京投发展,L,19931025
2673,600684,珠江实业,L,19931028
2674,600685,中船防务,L,19931028
2675,600686,金龙汽车,L,19931108
2676,600687,刚泰控股,L,19931108
2677,600688,上海石化,L,19931108
2678,600689,上海三毛,L,19931108
2679,600690,青岛海尔,L,19931119
2680,600691,阳煤化工,L,19931119
2681,600692,亚通股份,L,19931119
2682,600693,东百集团,L,19931122
2683,600694,大商股份,L,19931122
2684,600695,绿庭投资,L,19931122
2685,600696,ST岩石,L,19931206
2686,600697,欧亚集团,L,19931206
2687,600698,湖南天雁,L,19931206
2688,600699,均胜电子,L,19931206
2689,600701,*ST工新,L,19960528
2690,600702,舍得酒业,L,19960524
2691,600703,三安光电,L,19960528
2692,600704,物产中大,L,19960606
2693,600705,中航资本,L,19960516
2694,600706,曲江文旅,L,19960516
2695,600707,彩虹股份,L,19960520
2696,600708,光明地产,L,19960606
2697,600710,苏美达,L,19960701
2698,600711,盛屯矿业,L,19960531
2699,600712,南宁百货,L,19960626
2700,600713,南京医药,L,19960701
2701,600714,金瑞矿业,L,19960606
2702,600715,文投控股,L,19960701
2703,600716,凤凰股份,L,19960702
2704,600717,天津港,L,19960614
2705,600718,东软集团,L,19960618
2706,600719,大连热电,L,19960716
2707,600720,祁连山,L,19960716
2708,600721,百花村,L,19960626
2709,600722,金牛化工,L,19960626
2710,600723,首商股份,L,19960716
2711,600724,宁波富达,L,19960716
2712,600725,ST云维,L,19960702
2713,600726,华电能源,L,19960701
2714,600727,鲁北化工,L,19960702
2715,600728,佳都科技,L,19960716
2716,600729,重庆百货,L,19960702
2717,600730,中国高科,L,19960726
2718,600731,湖南海利,L,19960802
2719,600732,ST新梅,L,19960816
2720,600733,S蓝谷,L,19960816
2721,600734,实达集团,L,19960808
2722,600735,新华锦,L,19960726
2723,600736,苏州高新,L,19960815
2724,600737,中粮糖业,L,19960731
2725,600738,兰州民百,L,19960802
2726,600739,辽宁成大,L,19960819
2727,600740,山西焦化,L,19960808
2728,600741,华域汽车,L,19960826
2729,600742,一汽富维,L,19960826
2730,600743,华远地产,L,19960909
2731,600744,华银电力,L,19960905
2732,600745,闻泰科技,L,19960828
2733,600746,江苏索普,L,19960918
2734,600747,ST大控,L,19960916
2735,600748,上实发展,L,19960925
2736,600749,*ST藏旅,L,19961015
2737,600750,江中药业,L,19960923
2738,600751,海航科技,L,19960909
2739,600753,东方银星,L,19960927
2740,600754,锦江股份,L,19961011
2741,600755,厦门国贸,L,19961003
2742,600756,浪潮软件,L,19960923
2743,600757,长江传媒,L,19961003
2744,600758,红阳能源,L,19961029
2745,600759,洲际油气,L,19961008
2746,600760,中航沈飞,L,19961011
2747,600761,安徽合力,L,19961009
2748,600763,通策医疗,L,19961030
2749,600764,中国海防,L,19961104
2750,600765,中航重机,L,19961106
2751,600766,园城黄金,L,19961028
2752,600767,ST运盛,L,19961115
2753,600768,宁波富邦,L,19961111
2754,600769,祥龙电业,L,19961101
2755,600770,综艺股份,L,19961120
2756,600771,广誉远,L,19961105
2757,600773,西藏城投,L,19961108
2758,600774,汉商集团,L,19961108
2759,600775,南京熊猫,L,19961118
2760,600776,东方通信,L,19961126
2761,600777,新潮能源,L,19961121
2762,600778,*ST友好,L,19961203
2763,600779,水井坊,L,19961206
2764,600780,通宝能源,L,19961205
2765,600781,辅仁药业,L,19961218
2766,600782,新钢股份,L,19961225
2767,600783,鲁信创投,L,19961225
2768,600784,鲁银投资,L,19961225
2769,600785,新华百货,L,19970108
2770,600787,中储股份,L,19970121
2771,600789,鲁抗医药,L,19970226
2772,600790,轻纺城,L,19970228
2773,600791,京能置业,L,19970130
2774,600792,云煤能源,L,19970123
2775,600793,宜宾纸业,L,19970220
2776,600794,保税科技,L,19970306
2777,600795,国电电力,L,19970318
2778,600796,钱江生化,L,19970408
2779,600797,浙大网新,L,19970418
2780,600798,宁波海运,L,19970423
2781,600800,天津磁卡,L,19931206
2782,600801,华新水泥,L,19940103
2783,600802,福建水泥,L,19940103
2784,600803,新奥股份,L,19940103
2785,600804,鹏博士,L,19940103
2786,600805,悦达投资,L,19940103
2787,600807,*ST天业,L,19940103
2788,600808,马钢股份,L,19940106
2789,600809,山西汾酒,L,19940106
2790,600810,神马股份,L,19940106
2791,600811,东方集团,L,19940106
2792,600812,华北制药,L,19940114
2793,600814,杭州解百,L,19940114
2794,600815,厦工股份,L,19940128
2795,600816,安信信托,L,19940128
2796,600817,ST宏盛,L,19940128
2797,600818,中路股份,L,19940128
2798,600819,耀皮玻璃,L,19940128
2799,600820,隧道股份,L,19940128
2800,600821,津劝业,L,19940128
2801,600822,上海物贸,L,19940204
2802,600823,世茂股份,L,19940204
2803,600824,益民集团,L,19940204
2804,600825,新华传媒,L,19940204
2805,600826,兰生股份,L,19940204
2806,600827,百联股份,L,19940204
2807,600828,茂业商业,L,19940224
2808,600829,人民同泰,L,19940224
2809,600830,香溢融通,L,19940224
2810,600831,广电网络,L,19940224
2811,600833,第一医药,L,19940224
2812,600834,申通地铁,L,19940224
2813,600835,上海机电,L,19940224
2814,600836,界龙实业,L,19940224
2815,600837,海通证券,L,19940224
2816,600838,上海九百,L,19940224
2817,600839,四川长虹,L,19940311
2818,600841,上柴股份,L,19940311
2819,600843,上工申贝,L,19940311
2820,600844,丹化科技,L,19940311
2821,600845,宝信软件,L,19940311
2822,600846,同济科技,L,19940311
2823,600847,万里股份,L,19940324
2824,600848,上海临港,L,19940324
2825,600850,华东电脑,L,19940324
2826,600851,海欣股份,L,19940404
2827,600853,龙建股份,L,19940404
2828,600854,春兰股份,L,19940425
2829,600855,航天长峰,L,19940425
2830,600856,中天能源,L,19940425
2831,600857,宁波中百,L,19940425
2832,600858,银座股份,L,19940506
2833,600859,王府井,L,19940506
2834,600860,京城股份,L,19940506
2835,600861,北京城乡,L,19940520
2836,600862,中航高科,L,19940520
2837,600863,内蒙华电,L,19940520
2838,600864,哈投股份,L,19940809
2839,600865,百大集团,L,19940809
2840,600866,星湖科技,L,19940818
2841,600867,通化东宝,L,19940824
2842,600868,梅雁吉祥,L,19940912
2843,600869,智慧能源,L,19950206
2844,600870,*ST厦华,L,19950228
2845,600871,*ST油服,L,19950411
2846,600872,中炬高新,L,19950124
2847,600873,梅花生物,L,19950217
2848,600874,创业环保,L,19950630
2849,600875,东方电气,L,19951010
2850,600876,洛阳玻璃,L,19951031
2851,600877,ST嘉陵,L,19951013
2852,600879,航天电子,L,19951115
2853,600880,博瑞传播,L,19951115
2854,600881,亚泰集团,L,19951115
2855,600882,广泽股份,L,19951206
2856,600883,博闻科技,L,19951208
2857,600884,杉杉股份,L,19960130
2858,600885,宏发股份,L,19960205
2859,600886,国投电力,L,19960118
2860,600887,伊利股份,L,19960312
2861,600888,新疆众和,L,19960215
2862,600889,南京化纤,L,19960308
2863,600890,中房股份,L,19960318
2864,600891,秋林集团,L,19960325
2865,600892,大晟文化,L,19960315
2866,600893,航发动力,L,19960408
2867,600894,广日股份,L,19960328
2868,600895,张江高科,L,19960422
2869,600896,*ST海投,L,19960503
2870,600897,厦门空港,L,19960531
2871,600898,国美通讯,L,19960418
2872,600900,长江电力,L,20031118
2873,600901,江苏租赁,L,20180301
2874,600903,贵州燃气,L,20171107
2875,600908,无锡银行,L,20160923
2876,600909,华安证券,L,20161206
2877,600917,重庆燃气,L,20140930
2878,600919,江苏银行,L,20160802
2879,600926,杭州银行,L,20161027
2880,600929,湖南盐业,L,20180326
2881,600933,爱柯迪,L,20171117
2882,600936,广西广电,L,20160815
2883,600939,重庆建工,L,20170221
2884,600958,东方证券,L,20150323
2885,600959,江苏有线,L,20150428
2886,600960,渤海汽车,L,20040407
2887,600961,株冶集团,L,20040830
2888,600962,国投中鲁,L,20040622
2889,600963,岳阳林纸,L,20040525
2890,600965,福成股份,L,20040713
2891,600966,博汇纸业,L,20040608
2892,600967,内蒙一机,L,20040518
2893,600969,郴电国际,L,20040408
2894,600970,中材国际,L,20050412
2895,600971,恒源煤电,L,20040817
2896,600973,宝胜股份,L,20040802
2897,600975,新五丰,L,20040609
2898,600976,健民集团,L,20040419
2899,600977,中国电影,L,20160809
2900,600978,宜华生活,L,20040824
2901,600979,广安爱众,L,20040906
2902,600980,北矿科技,L,20040512
2903,600981,汇鸿集团,L,20040630
2904,600982,宁波热电,L,20040706
2905,600983,惠而浦,L,20040727
2906,600984,建设机械,L,20040707
2907,600985,雷鸣科化,L,20040428
2908,600986,科达股份,L,20040426
2909,600987,航民股份,L,20040809
2910,600988,赤峰黄金,L,20040414
2911,600990,四创电子,L,20040510
2912,600992,贵绳股份,L,20040514
2913,600993,马应龙,L,20040517
2914,600995,文山电力,L,20040615
2915,600996,贵广网络,L,20161226
2916,600997,开滦股份,L,20040602
2917,600998,九州通,L,20101102
2918,600999,招商证券,L,20091117
2919,601000,唐山港,L,20100705
2920,601001,大同煤业,L,20060623
2921,601002,晋亿实业,L,20070126
2922,601003,柳钢股份,L,20070227
2923,601005,重庆钢铁,L,20070228
2924,601006,大秦铁路,L,20060801
2925,601007,金陵饭店,L,20070406
2926,601008,连云港,L,20070426
2927,601009,南京银行,L,20070719
2928,601010,文峰股份,L,20110603
2929,601011,宝泰隆,L,20110309
2930,601012,隆基股份,L,20120411
2931,601015,陕西黑猫,L,20141105
2932,601016,节能风电,L,20140929
2933,601018,宁波港,L,20100928
2934,601019,山东出版,L,20171122
2935,601020,华钰矿业,L,20160316
2936,601021,春秋航空,L,20150121
2937,601028,玉龙股份,L,20111107
2938,601038,一拖股份,L,20120808
2939,601058,赛轮金宇,L,20110630
2940,601066,中信建投,L,20180620
2941,601068,中铝国际,L,20180831
2942,601069,西部黄金,L,20150122
2943,601086,国芳集团,L,20170929
2944,601088,中国神华,L,20071009
2945,601098,中南传媒,L,20101028
2946,601099,太平洋,L,20071228
2947,601100,恒立液压,L,20111028
2948,601101,昊华能源,L,20100331
2949,601106,中国一重,L,20100209
2950,601107,四川成渝,L,20090727
2951,601108,财通证券,L,20171024
2952,601111,中国国航,L,20060818
2953,601113,华鼎股份,L,20110509
2954,601116,三江购物,L,20110302
2955,601117,中国化学,L,20100107
2956,601118,海南橡胶,L,20110107
2957,601126,四方股份,L,20101231
2958,601127,小康股份,L,20160615
2959,601128,常熟银行,L,20160930
2960,601137,博威合金,L,20110127
2961,601138,工业富联,L,20180608
2962,601139,深圳燃气,L,20091225
2963,601155,新城控股,L,20151204
2964,601158,重庆水务,L,20100329
2965,601163,三角轮胎,L,20160909
2966,601166,兴业银行,L,20070205
2967,601168,西部矿业,L,20070712
2968,601169,北京银行,L,20070919
2969,601177,杭齿前进,L,20101011
2970,601179,中国西电,L,20100128
2971,601186,中国铁建,L,20080310
2972,601188,龙江交通,L,20100319
2973,601198,东兴证券,L,20150226
2974,601199,江南水务,L,20110317
2975,601200,上海环境,L,20170331
2976,601208,东材科技,L,20110520
2977,601211,国泰君安,L,20150626
2978,601212,白银有色,L,20170215
2979,601216,君正集团,L,20110222
2980,601218,吉鑫科技,L,20110506
2981,601222,林洋能源,L,20110808
2982,601225,陕西煤业,L,20140128
2983,601226,华电重工,L,20141211
2984,601228,广州港,L,20170329
2985,601229,上海银行,L,20161116
2986,601231,环旭电子,L,20120220
2987,601233,桐昆股份,L,20110518
2988,601238,广汽集团,L,20120329
2989,601258,庞大集团,L,20110428
2990,601288,农业银行,L,20100715
2991,601311,骆驼股份,L,20110602
2992,601318,中国平安,L,20070301
2993,601326,秦港股份,L,20170816
2994,601328,交通银行,L,20070515
2995,601330,绿色动力,L,20180611
2996,601333,广深铁路,L,20061222
2997,601336,新华保险,L,20111216
2998,601339,百隆东方,L,20120612
2999,601360,三六零,L,20120116
3000,601366,利群股份,L,20170412
3001,601368,绿城水务,L,20150612
3002,601369,陕鼓动力,L,20100428
3003,601375,中原证券,L,20170103
3004,601377,兴业证券,L,20101013
3005,601388,怡球资源,L,20120423
3006,601390,中国中铁,L,20071203
3007,601398,工商银行,L,20061027
3008,601500,通用股份,L,20160919
3009,601515,东风股份,L,20120216
3010,601518,吉林高速,L,20100319
3011,601519,大智慧,L,20110128
3012,601555,东吴证券,L,20111212
3013,601558,ST锐电,L,20110113
3014,601566,九牧王,L,20110530
3015,601567,三星医疗,L,20110615
3016,601579,会稽山,L,20140825
3017,601588,北辰实业,L,20061016
3018,601595,上海电影,L,20160817
3019,601599,鹿港文化,L,20110527
3020,601600,中国铝业,L,20070430
3021,601601,中国太保,L,20071225
3022,601606,长城军工,L,20180806
3023,601607,上海医药,L,19940324
3024,601608,中信重工,L,20120706
3025,601611,中国核建,L,20160606
3026,601616,广电电气,L,20110201
3027,601618,中国中冶,L,20090921
3028,601619,嘉泽新能,L,20170720
3029,601628,中国人寿,L,20070109
3030,601633,长城汽车,L,20110928
3031,601636,旗滨集团,L,20110812
3032,601666,平煤股份,L,20061123
3033,601668,中国建筑,L,20090729
3034,601669,中国电建,L,20111018
3035,601677,明泰铝业,L,20110919
3036,601678,滨化股份,L,20100223
3037,601688,华泰证券,L,20100226
3038,601689,拓普集团,L,20150319
3039,601699,潞安环能,L,20060922
3040,601700,风范股份,L,20110118
3041,601717,郑煤机,L,20100803
3042,601718,际华集团,L,20100816
3043,601727,上海电气,L,20081205
3044,601766,中国中车,L,20080818
3045,601777,力帆股份,L,20101125
3046,601788,光大证券,L,20090818
3047,601789,宁波建工,L,20110816
3048,601798,*ST蓝科,L,20110622
3049,601799,星宇股份,L,20110201
3050,601800,中国交建,L,20120309
3051,601801,皖新传媒,L,20100118
3052,601808,中海油服,L,20070928
3053,601811,新华文轩,L,20160808
3054,601818,光大银行,L,20100818
3055,601828,美凯龙,L,20180117
3056,601838,成都银行,L,20180131
3057,601857,中国石油,L,20071105
3058,601858,中国科传,L,20170118
3059,601866,中远海发,L,20071212
3060,601869,长飞光纤,L,20180720
3061,601872,招商轮船,L,20061201
3062,601877,正泰电器,L,20100121
3063,601878,浙商证券,L,20170626
3064,601880,大连港,L,20101206
3065,601881,中国银河,L,20170123
3066,601882,海天精工,L,20161107
3067,601886,江河集团,L,20110818
3068,601888,中国国旅,L,20091015
3069,601890,亚星锚链,L,20101228
3070,601898,中煤能源,L,20080201
3071,601899,紫金矿业,L,20080425
3072,601900,南方传媒,L,20160215
3073,601901,方正证券,L,20110810
3074,601908,京运通,L,20110908
3075,601918,新集能源,L,20071219
3076,601919,中远海控,L,20070626
3077,601928,凤凰传媒,L,20111130
3078,601929,吉视传媒,L,20120223
3079,601933,永辉超市,L,20101215
3080,601939,建设银行,L,20070925
3081,601949,中国出版,L,20170821
3082,601952,苏垦农发,L,20170515
3083,601958,金钼股份,L,20080417
3084,601965,中国汽研,L,20120611
3085,601966,玲珑轮胎,L,20160706
3086,601968,宝钢包装,L,20150611
3087,601969,海南矿业,L,20141209
3088,601985,中国核电,L,20150610
3089,601988,中国银行,L,20060705
3090,601989,中国重工,L,20091216
3091,601990,南京证券,L,20180613
3092,601991,大唐发电,L,20061220
3093,601992,金隅集团,L,20110301
3094,601996,丰林集团,L,20110929
3095,601997,贵阳银行,L,20160816
3096,601998,中信银行,L,20070427
3097,601999,出版传媒,L,20071221
3098,603000,人民网,L,20120427
3099,603001,奥康国际,L,20120426
3100,603002,宏昌电子,L,20120518
3101,603003,龙宇燃油,L,20120817
3102,603005,晶方科技,L,20140210
3103,603006,联明股份,L,20140630
3104,603007,花王股份,L,20160826
3105,603008,喜临门,L,20120717
3106,603009,北特科技,L,20140718
3107,603010,万盛股份,L,20141010
3108,603011,合锻智能,L,20141107
3109,603012,创力集团,L,20150320
3110,603013,亚普股份,L,20180509
3111,603015,弘讯科技,L,20150303
3112,603016,新宏泰,L,20160701
3113,603017,中衡设计,L,20141231
3114,603018,中设集团,L,20141013
3115,603019,中科曙光,L,20141106
3116,603020,爱普股份,L,20150325
3117,603021,山东华鹏,L,20150423
3118,603022,新通联,L,20150518
3119,603023,威帝股份,L,20150527
3120,603025,大豪科技,L,20150422
3121,603026,石大胜华,L,20150529
3122,603027,千禾味业,L,20160307
3123,603028,赛福天,L,20160331
3124,603029,天鹅股份,L,20160427
3125,603030,全筑股份,L,20150320
3126,603031,安德利,L,20160822
3127,603032,德新交运,L,20170105
3128,603033,三维股份,L,20161207
3129,603035,常熟汽饰,L,20170105
3130,603036,如通股份,L,20161209
3131,603037,凯众股份,L,20170120
3132,603038,华立股份,L,20170116
3133,603039,泛微网络,L,20170113
3134,603040,新坐标,L,20170209
3135,603041,美思德,L,20170330
3136,603042,华脉科技,L,20170602
3137,603043,广州酒家,L,20170627
3138,603045,福达合金,L,20180517
3139,603050,科林电气,L,20170414
3140,603055,台华新材,L,20170921
3141,603056,德邦股份,L,20180116
3142,603058,永吉股份,L,20161223
3143,603059,倍加洁,L,20180302
3144,603060,国检集团,L,20161109
3145,603063,禾望电气,L,20170728
3146,603066,音飞储存,L,20150611
3147,603067,振华股份,L,20160913
3148,603069,海汽集团,L,20160712
3149,603076,乐惠国际,L,20171113
3150,603077,和邦生物,L,20120731
3151,603078,江化微,L,20170410
3152,603079,圣达生物,L,20170823
3153,603080,新疆火炬,L,20180103
3154,603081,大丰实业,L,20170420
3155,603083,剑桥科技,L,20171110
3156,603085,天成自控,L,20150630
3157,603086,先达股份,L,20170511
3158,603088,宁波精达,L,20141111
3159,603089,正裕工业,L,20170126
3160,603090,宏盛股份,L,20160831
3161,603096,新经典,L,20170425
3162,603098,森特股份,L,20161216
3163,603099,长白山,L,20140822
3164,603100,川仪股份,L,20140805
3165,603101,汇嘉时代,L,20160506
3166,603103,横店影视,L,20171012
3167,603105,芯能科技,L,20180709
3168,603106,恒银金融,L,20170920
3169,603108,润达医疗,L,20150527
3170,603110,东方材料,L,20171013
3171,603111,康尼机电,L,20140801
3172,603113,金能科技,L,20170511
3173,603116,红蜻蜓,L,20150629
3174,603117,万林股份,L,20150629
3175,603118,共进股份,L,20150225
3176,603123,翠微股份,L,20120503
3177,603126,中材节能,L,20140731
3178,603127,昭衍新药,L,20170825
3179,603128,华贸物流,L,20120529
3180,603129,春风动力,L,20170818
3181,603131,上海沪工,L,20160607
3182,603133,碳元科技,L,20170320
3183,603136,天目湖,L,20170927
3184,603138,海量数据,L,20170306
3185,603139,康惠制药,L,20170421
3186,603156,养元饮品,L,20180212
3187,603157,拉夏贝尔,L,20170925
3188,603158,腾龙股份,L,20150320
3189,603159,上海亚虹,L,20160812
3190,603160,汇顶科技,L,20161017
3191,603161,科华控股,L,20180105
3192,603165,荣晟环保,L,20170117
3193,603166,福达股份,L,20141127
3194,603167,渤海轮渡,L,20120906
3195,603168,莎普爱思,L,20140702
3196,603169,兰石重装,L,20141009
3197,603177,德创环保,L,20170207
3198,603178,圣龙股份,L,20170328
3199,603179,新泉股份,L,20170317
3200,603180,金牌厨柜,L,20170512
3201,603181,皇马科技,L,20170824
3202,603183,建研院,L,20170905
3203,603186,华正新材,L,20170103
3204,603188,ST亚邦,L,20140909
3205,603189,网达软件,L,20160914
3206,603192,汇得科技,L,20180828
3207,603196,日播时尚,L,20170531
3208,603197,保隆科技,L,20170519
3209,603198,迎驾贡酒,L,20150528
3210,603199,九华旅游,L,20150326
3211,603200,上海洗霸,L,20170601
3212,603203,快克股份,L,20161108
3213,603208,江山欧派,L,20170210
3214,603214,爱婴室,L,20180330
3215,603218,日月股份,L,20161228
3216,603222,济民制药,L,20150217
3217,603223,恒通股份,L,20150630
3218,603225,新凤鸣,L,20170418
3219,603226,菲林格尔,L,20170615
3220,603227,雪峰科技,L,20150515
3221,603228,景旺电子,L,20170106
3222,603229,奥翔药业,L,20170509
3223,603232,格尔软件,L,20170421
3224,603233,大参林,L,20170731
3225,603238,诺邦股份,L,20170222
3226,603239,浙江仙通,L,20161230
3227,603258,电魂网络,L,20161026
3228,603259,药明康德,L,20180508
3229,603260,合盛硅业,L,20171030
3230,603266,天龙股份,L,20170110
3231,603268,松发股份,L,20150319
3232,603269,海鸥股份,L,20170517
3233,603277,银都股份,L,20170911
3234,603278,大业股份,L,20171113
3235,603283,赛腾股份,L,20171225
3236,603286,日盈电子,L,20170627
3237,603288,海天味业,L,20140211
3238,603289,泰瑞机器,L,20171031
3239,603298,杭叉集团,L,20161227
3240,603299,井神股份,L,20151231
3241,603300,华铁科技,L,20150529
3242,603301,振德医疗,L,20180412
3243,603303,得邦照明,L,20170330
3244,603305,旭升股份,L,20170710
3245,603306,华懋科技,L,20140926
3246,603308,应流股份,L,20140122
3247,603309,维力医疗,L,20150302
3248,603311,金海环境,L,20150518
3249,603313,梦百合,L,20161013
3250,603315,福鞍股份,L,20150424
3251,603316,诚邦股份,L,20170619
3252,603318,派思股份,L,20150424
3253,603319,湘油泵,L,20161130
3254,603320,迪贝电气,L,20170502
3255,603321,梅轮电梯,L,20170915
3256,603322,超讯通信,L,20160728
3257,603323,吴江银行,L,20161129
3258,603326,我乐家居,L,20170616
3259,603328,依顿电子,L,20140701
3260,603329,上海雅仕,L,20171229
3261,603330,上海天洋,L,20170213
3262,603331,百达精工,L,20170705
3263,603333,明星电缆,L,20120507
3264,603335,迪生力,L,20170620
3265,603336,宏辉果蔬,L,20161124
3266,603337,杰克股份,L,20170119
3267,603338,浙江鼎力,L,20150325
3268,603339,四方科技,L,20160519
3269,603345,安井食品,L,20170222
3270,603348,文灿股份,L,20180426
3271,603355,莱克电气,L,20150513
3272,603356,华菱精工,L,20180124
3273,603357,设计总院,L,20170801
3274,603358,华达科技,L,20170125
3275,603359,东珠生态,L,20170901
3276,603360,百傲化学,L,20170206
3277,603363,傲农生物,L,20170926
3278,603365,水星家纺,L,20171120
3279,603366,日出东方,L,20120521
3280,603367,辰欣药业,L,20170929
3281,603368,柳药股份,L,20141204
3282,603369,今世缘,L,20140703
3283,603377,东方时尚,L,20160205
3284,603378,亚士创能,L,20170928
3285,603380,易德龙,L,20170622
3286,603383,顶点软件,L,20170522
3287,603385,惠达卫浴,L,20170405
3288,603386,广东骏亚,L,20170912
3289,603387,基蛋生物,L,20170717
3290,603388,元成股份,L,20170324
3291,603389,亚振家居,L,20161215
3292,603393,新天然气,L,20160912
3293,603396,金辰股份,L,20171018
3294,603398,邦宝益智,L,20151209
3295,603399,吉翔股份,L,20120824
3296,603416,信捷电气,L,20161221
3297,603421,鼎信通讯,L,20161011
3298,603429,集友股份,L,20170124
3299,603444,吉比特,L,20170104
3300,603456,九洲药业,L,20141010
3301,603458,勘设股份,L,20170809
3302,603466,风语筑,L,20171020
3303,603477,振静股份,L,20171218
3304,603486,科沃斯,L,20180528
3305,603488,展鹏科技,L,20170516
3306,603496,恒为科技,L,20170607
3307,603499,翔港科技,L,20171016
3308,603500,祥和实业,L,20170904
3309,603501,韦尔股份,L,20170504
3310,603505,金石资源,L,20170503
3311,603506,南都物业,L,20180201
3312,603507,振江股份,L,20171106
3313,603508,思维列控,L,20151224
3314,603515,欧普照明,L,20160819
3315,603516,淳中科技,L,20180202
3316,603517,绝味食品,L,20170317
3317,603518,维格娜丝,L,20141203
3318,603519,立霸股份,L,20150319
3319,603520,司太立,L,20160309
3320,603527,众源新材,L,20170907
3321,603528,多伦科技,L,20160503
3322,603533,掌阅科技,L,20170921
3323,603535,嘉诚国际,L,20170808
3324,603536,惠发股份,L,20170613
3325,603538,美诺华,L,20170407
3326,603555,贵人鸟,L,20140124
3327,603556,海兴电力,L,20161110
3328,603557,起步股份,L,20170818
3329,603558,健盛集团,L,20150127
3330,603559,中通国脉,L,20161202
3331,603566,普莱柯,L,20150518
3332,603567,珍宝岛,L,20150424
3333,603568,伟明环保,L,20150528
3334,603569,长久物流,L,20160810
3335,603577,汇金通,L,20161222
3336,603578,三星新材,L,20170306
3337,603579,荣泰健康,L,20170111
3338,603580,艾艾精工,L,20170525
3339,603585,苏利股份,L,20161214
3340,603586,金麒麟,L,20170406
3341,603587,地素时尚,L,20180622
3342,603588,高能环境,L,20141229
3343,603589,口子窖,L,20150629
3344,603590,康辰药业,L,20180827
3345,603595,东尼电子,L,20170712
3346,603596,伯特利,L,20180427
3347,603598,引力传媒,L,20150527
3348,603599,广信股份,L,20150513
3349,603600,永艺股份,L,20150123
3350,603601,再升科技,L,20150122
3351,603602,纵横通信,L,20170810
3352,603603,博天环境,L,20170217
3353,603605,珀莱雅,L,20171115
3354,603606,东方电缆,L,20141015
3355,603607,京华激光,L,20171025
3356,603608,天创时尚,L,20160218
3357,603609,禾丰牧业,L,20140808
3358,603611,诺力股份,L,20150128
3359,603612,索通发展,L,20170718
3360,603615,茶花股份,L,20170213
3361,603616,韩建河山,L,20150611
3362,603617,君禾股份,L,20170703
3363,603618,杭电股份,L,20150217
3364,603619,中曼石油,L,20171117
3365,603626,科森科技,L,20170209
3366,603628,清源股份,L,20170112
3367,603630,拉芳家化,L,20170313
3368,603633,徕木股份,L,20161117
3369,603636,南威软件,L,20141230
3370,603637,镇海股份,L,20170208
3371,603638,艾迪精密,L,20170120
3372,603639,海利尔,L,20170112
3373,603648,畅联股份,L,20170913
3374,603650,彤程新材,L,20180627
3375,603655,朗博科技,L,20171229
3376,603656,泰禾光电,L,20170321
3377,603657,春光科技,L,20180730
3378,603658,安图生物,L,20160901
3379,603659,璞泰来,L,20171103
3380,603660,苏州科达,L,20161201
3381,603661,恒林股份,L,20171121
3382,603663,三祥新材,L,20160801
3383,603665,康隆达,L,20170313
3384,603666,亿嘉和,L,20180612
3385,603667,五洲新春,L,20161025
3386,603668,天马科技,L,20170117
3387,603669,灵康药业,L,20150528
3388,603676,卫信康,L,20170721
3389,603677,奇精机械,L,20170206
3390,603678,火炬电子,L,20150126
3391,603679,华体科技,L,20170621
3392,603680,今创集团,L,20180227
3393,603683,晶华新材,L,20171020
3394,603685,晨丰科技,L,20171127
3395,603686,龙马环卫,L,20150126
3396,603688,石英股份,L,20141031
3397,603689,皖天然气,L,20170110
3398,603690,至纯科技,L,20170113
3399,603693,江苏新能,L,20180703
3400,603696,安记食品,L,20151209
3401,603698,航天工程,L,20150128
3402,603699,纽威股份,L,20140117
3403,603701,德宏股份,L,20160412
3404,603703,盛洋科技,L,20150423
3405,603706,东方环宇,L,20180709
3406,603707,健友股份,L,20170719
3407,603708,家家悦,L,20161213
3408,603709,中源家居,L,20180208
3409,603711,香飘飘,L,20171130
3410,603712,七一二,L,20180226
3411,603713,密尔克卫,L,20180713
3412,603716,塞力斯,L,20161031
3413,603717,天域生态,L,20170327
3414,603718,海利生物,L,20150515
3415,603721,中广天择,L,20170811
3416,603722,阿科力,L,20171025
3417,603725,天安新材,L,20170906
3418,603726,朗迪集团,L,20160421
3419,603727,博迈科,L,20161122
3420,603728,鸣志电器,L,20170509
3421,603729,龙韵股份,L,20150324
3422,603730,岱美股份,L,20170728
3423,603733,仙鹤股份,L,20180420
3424,603737,三棵树,L,20160603
3425,603738,泰晶科技,L,20160928
3426,603757,大元泵业,L,20170711
3427,603758,秦安股份,L,20170517
3428,603766,隆鑫通用,L,20120810
3429,603767,中马传动,L,20170613
3430,603768,常青股份,L,20170324
3431,603773,沃格光电,L,20180417
3432,603776,永安行,L,20170817
3433,603777,来伊份,L,20161012
3434,603778,乾景园林,L,20151231
3435,603779,威龙股份,L,20160516
3436,603787,新日股份,L,20170427
3437,603788,宁波高发,L,20150120
3438,603789,星光农机,L,20150427
3439,603797,联泰环保,L,20170413
3440,603798,康普顿,L,20160406
3441,603799,华友钴业,L,20150129
3442,603800,道森股份,L,20151210
3443,603801,志邦家居,L,20170630
3444,603803,瑞斯康达,L,20170420
3445,603806,福斯特,L,20140905
3446,603808,歌力思,L,20150422
3447,603809,豪能股份,L,20171128
3448,603811,诚意药业,L,20170315
3449,603813,原尚股份,L,20170918
3450,603816,顾家家居,L,20161014
3451,603817,海峡环保,L,20170220
3452,603818,曲美家居,L,20150422
3453,603819,神力股份,L,20161125
3454,603822,嘉澳环保,L,20160428
3455,603823,百合花,L,20161220
3456,603825,华扬联众,L,20170802
3457,603826,坤彩科技,L,20170414
3458,603828,柯利达,L,20150226
3459,603829,洛凯股份,L,20171017
3460,603833,欧派家居,L,20170328
3461,603838,四通股份,L,20150701
3462,603839,安正时尚,L,20170214
3463,603843,正平股份,L,20160905
3464,603848,好太太,L,20171201
3465,603855,华荣股份,L,20170524
3466,603856,东宏股份,L,20171106
3467,603858,步长制药,L,20161118
3468,603859,能科股份,L,20161021
3469,603860,中公高科,L,20170802
3470,603861,白云电器,L,20160322
3471,603866,桃李面包,L,20151222
3472,603868,飞科电器,L,20160418
3473,603869,新智认知,L,20150326
3474,603871,嘉友国际,L,20180206
3475,603876,鼎胜新材,L,20180418
3476,603877,太平鸟,L,20170109
3477,603878,武进不锈,L,20161219
3478,603879,永悦科技,L,20170614
3479,603880,南卫股份,L,20170807
3480,603881,数据港,L,20170208
3481,603882,金域医学,L,20170908
3482,603883,老百姓,L,20150423
3483,603885,吉祥航空,L,20150527
3484,603886,元祖股份,L,20161228
3485,603887,城地股份,L,20161010
3486,603888,新华网,L,20161028
3487,603889,新澳股份,L,20141231
3488,603890,春秋电子,L,20171212
3489,603895,天永智能,L,20180122
3490,603896,寿仙谷,L,20170510
3491,603897,长城科技,L,20180410
3492,603898,好莱客,L,20150217
3493,603899,晨光文具,L,20150127
3494,603900,莱绅通灵,L,20161123
3495,603901,永创智能,L,20150529
3496,603903,中持股份,L,20170314
3497,603906,龙蟠科技,L,20170410
3498,603908,牧高笛,L,20170307
3499,603909,合诚股份,L,20160628
3500,603912,佳力图,L,20171101
3501,603916,苏博特,L,20171110
3502,603917,合力科技,L,20171204
3503,603918,金桥信息,L,20150528
3504,603919,金徽酒,L,20160310
3505,603920,世运电路,L,20170426
3506,603922,金鸿顺,L,20171023
3507,603926,铁流股份,L,20170510
3508,603928,兴业股份,L,20161212
3509,603929,亚翔集成,L,20161230
3510,603933,睿能科技,L,20170706
3511,603936,博敏电子,L,20151209
3512,603937,丽岛新材,L,20171102
3513,603938,三孚股份,L,20170628
3514,603939,益丰药房,L,20150217
3515,603955,大千生态,L,20170310
3516,603958,哈森股份,L,20160629
3517,603959,百利科技,L,20160517
3518,603960,克来机电,L,20170314
3519,603963,大理药业,L,20170922
3520,603966,法兰泰克,L,20170125
3521,603968,醋化股份,L,20150518
3522,603969,银龙股份,L,20150227
3523,603970,中农立华,L,20171116
3524,603976,正川股份,L,20170822
3525,603977,国泰集团,L,20161111
3526,603978,深圳新星,L,20170807
3527,603979,金诚信,L,20150630
3528,603980,吉华集团,L,20170615
3529,603985,恒润股份,L,20170505
3530,603986,兆易创新,L,20160818
3531,603987,康德莱,L,20161121
3532,603988,中电电机,L,20141104
3533,603989,艾华集团,L,20150515
3534,603990,麦迪科技,L,20161208
3535,603991,至正股份,L,20170308
3536,603993,洛阳钼业,L,20121009
3537,603996,中新科技,L,20151222
3538,603997,继峰股份,L,20150302
3539,603998,方盛制药,L,20141205
3540,603999,读者传媒,L,20151210
